timestamp,open,high,low,close,volume,close_time,quote_volume,trades,taker_buy_base,taker_buy_quote,ignore
2025-05-12 05:00:00,0.00001436,0.00001436,0.00001436,0.00001436,0.00,1747026059999,0.00000000,0,0.00,0.00000000,0
2025-05-12 05:01:00,0.00001436,0.00001436,0.00001436,0.00001436,0.00,1747026119999,0.00000000,0,0.00,0.00000000,0
2025-05-12 05:02:00,0.00001436,0.00001436,0.00001436,0.00001436,0.00,1747026179999,0.00000000,0,0.00,0.00000000,0
2025-05-12 05:03:00,0.00001436,0.00001436,0.00001436,0.00001436,0.00,1747026239999,0.00000000,0,0.00,0.00000000,0
2025-05-12 05:04:00,0.00001436,0.00001436,0.00001436,0.00001436,0.00,1747026299999,0.00000000,0,0.00,0.00000000,0
2025-05-12 05:05:00,0.00001436,0.00001436,0.00001436,0.00001436,0.00,1747026359999,0.00000000,0,0.00,0.00000000,0
2025-05-12 05:06:00,0.00001436,0.00001436,0.00001436,0.00001436,0.00,1747026419999,0.00000000,0,0.00,0.00000000,0
2025-05-12 05:07:00,0.00001436,0.00001436,0.00001436,0.00001436,0.00,1747026479999,0.00000000,0,0.00,0.00000000,0
2025-05-12 05:08:00,0.00001436,0.00001436,0.00001436,0.00001436,0.00,1747026539999,0.00000000,0,0.00,0.00000000,0
2025-05-12 05:09:00,0.00001436,0.00001436,0.00001436,0.00001436,0.00,1747026599999,0.00000000,0,0.00,0.00000000,0
2025-05-12 05:10:00,0.00001436,0.00001436,0.00001436,0.00001436,0.00,1747026659999,0.00000000,0,0.00,0.00000000,0
2025-05-12 05:11:00,0.00001411,0.00001411,0.00001411,0.00001411,212615.00,1747026719999,2.99999765,1,0.00,0.00000000,0
2025-05-12 05:12:00,0.00001411,0.00001411,0.00001411,0.00001411,43358.00,1747026779999,0.61178138,1,0.00,0.00000000,0
2025-05-12 05:13:00,0.00001411,0.00001411,0.00001411,0.00001411,0.00,1747026839999,0.00000000,0,0.00,0.00000000,0
2025-05-12 05:14:00,0.00001411,0.00001411,0.00001411,0.00001411,0.00,1747026899999,0.00000000,0,0.00,0.00000000,0
2025-05-12 05:15:00,0.00001411,0.00001411,0.00001411,0.00001411,0.00,1747026959999,0.00000000,0,0.00,0.00000000,0
2025-05-12 05:16:00,0.00001411,0.00001411,0.00001411,0.00001411,0.00,1747027019999,0.00000000,0,0.00,0.00000000,0
2025-05-12 05:17:00,0.00001411,0.00001411,0.00001411,0.00001411,0.00,1747027079999,0.00000000,0,0.00,0.00000000,0
2025-05-12 05:18:00,0.00001411,0.00001411,0.00001411,0.00001411,0.00,1747027139999,0.00000000,0,0.00,0.00000000,0
2025-05-12 05:19:00,0.00001411,0.00001411,0.00001411,0.00001411,0.00,1747027199999,0.00000000,0,0.00,0.00000000,0
2025-05-12 05:20:00,0.00001397,0.00001397,0.00001397,0.00001397,258538.00,1747027259999,3.61177586,2,0.00,0.00000000,0
2025-05-12 05:21:00,0.00001397,0.00001397,0.00001397,0.00001397,0.00,1747027319999,0.00000000,0,0.00,0.00000000,0
2025-05-12 05:22:00,0.00001397,0.00001397,0.00001397,0.00001397,0.00,1747027379999,0.00000000,0,0.00,0.00000000,0
2025-05-12 05:23:00,0.00001397,0.00001397,0.00001397,0.00001397,0.00,1747027439999,0.00000000,0,0.00,0.00000000,0
2025-05-12 05:24:00,0.00001397,0.00001397,0.00001397,0.00001397,0.00,1747027499999,0.00000000,0,0.00,0.00000000,0
2025-05-12 05:25:00,0.00001397,0.00001397,0.00001397,0.00001397,0.00,1747027559999,0.00000000,0,0.00,0.00000000,0
2025-05-12 05:26:00,0.00001397,0.00001397,0.00001397,0.00001397,0.00,1747027619999,0.00000000,0,0.00,0.00000000,0
2025-05-12 05:27:00,0.00001397,0.00001397,0.00001397,0.00001397,0.00,1747027679999,0.00000000,0,0.00,0.00000000,0
2025-05-12 05:28:00,0.00001397,0.00001397,0.00001397,0.00001397,0.00,1747027739999,0.00000000,0,0.00,0.00000000,0
2025-05-12 05:29:00,0.00001397,0.00001397,0.00001397,0.00001397,0.00,1747027799999,0.00000000,0,0.00,0.00000000,0
2025-05-12 05:30:00,0.00001397,0.00001397,0.00001397,0.00001397,0.00,1747027859999,0.00000000,0,0.00,0.00000000,0
2025-05-12 05:31:00,0.00001397,0.00001397,0.00001397,0.00001397,0.00,1747027919999,0.00000000,0,0.00,0.00000000,0
2025-05-12 05:32:00,0.00001397,0.00001397,0.00001397,0.00001397,0.00,1747027979999,0.00000000,0,0.00,0.00000000,0
2025-05-12 05:33:00,0.00001397,0.00001397,0.00001397,0.00001397,0.00,1747028039999,0.00000000,0,0.00,0.00000000,0
2025-05-12 05:34:00,0.00001397,0.00001397,0.00001397,0.00001397,0.00,1747028099999,0.00000000,0,0.00,0.00000000,0
2025-05-12 05:35:00,0.00001397,0.00001397,0.00001397,0.00001397,0.00,1747028159999,0.00000000,0,0.00,0.00000000,0
2025-05-12 05:36:00,0.00001397,0.00001397,0.00001397,0.00001397,0.00,1747028219999,0.00000000,0,0.00,0.00000000,0
2025-05-12 05:37:00,0.00001397,0.00001397,0.00001397,0.00001397,0.00,1747028279999,0.00000000,0,0.00,0.00000000,0
2025-05-12 05:38:00,0.00001397,0.00001397,0.00001397,0.00001397,0.00,1747028339999,0.00000000,0,0.00,0.00000000,0
2025-05-12 05:39:00,0.00001397,0.00001397,0.00001397,0.00001397,0.00,1747028399999,0.00000000,0,0.00,0.00000000,0
2025-05-12 05:40:00,0.00001397,0.00001397,0.00001397,0.00001397,0.00,1747028459999,0.00000000,0,0.00,0.00000000,0
2025-05-12 05:41:00,0.00001397,0.00001397,0.00001397,0.00001397,0.00,1747028519999,0.00000000,0,0.00,0.00000000,0
2025-05-12 05:42:00,0.00001397,0.00001397,0.00001397,0.00001397,0.00,1747028579999,0.00000000,0,0.00,0.00000000,0
2025-05-12 05:43:00,0.00001397,0.00001397,0.00001397,0.00001397,0.00,1747028639999,0.00000000,0,0.00,0.00000000,0
2025-05-12 05:44:00,0.00001397,0.00001397,0.00001397,0.00001397,0.00,1747028699999,0.00000000,0,0.00,0.00000000,0
2025-05-12 05:45:00,0.00001397,0.00001397,0.00001397,0.00001397,0.00,1747028759999,0.00000000,0,0.00,0.00000000,0
2025-05-12 05:46:00,0.00001397,0.00001397,0.00001397,0.00001397,0.00,1747028819999,0.00000000,0,0.00,0.00000000,0
2025-05-12 05:47:00,0.00001397,0.00001397,0.00001397,0.00001397,0.00,1747028879999,0.00000000,0,0.00,0.00000000,0
2025-05-12 05:48:00,0.00001397,0.00001397,0.00001397,0.00001397,0.00,1747028939999,0.00000000,0,0.00,0.00000000,0
2025-05-12 05:49:00,0.00001397,0.00001397,0.00001397,0.00001397,0.00,1747028999999,0.00000000,0,0.00,0.00000000,0
2025-05-12 05:50:00,0.00001397,0.00001397,0.00001397,0.00001397,0.00,1747029059999,0.00000000,0,0.00,0.00000000,0
2025-05-12 05:51:00,0.00001397,0.00001397,0.00001397,0.00001397,0.00,1747029119999,0.00000000,0,0.00,0.00000000,0
2025-05-12 05:52:00,0.00001397,0.00001397,0.00001397,0.00001397,0.00,1747029179999,0.00000000,0,0.00,0.00000000,0
2025-05-12 05:53:00,0.00001397,0.00001397,0.00001397,0.00001397,0.00,1747029239999,0.00000000,0,0.00,0.00000000,0
2025-05-12 05:54:00,0.00001397,0.00001397,0.00001397,0.00001397,0.00,1747029299999,0.00000000,0,0.00,0.00000000,0
2025-05-12 05:55:00,0.00001397,0.00001397,0.00001397,0.00001397,0.00,1747029359999,0.00000000,0,0.00,0.00000000,0
2025-05-12 05:56:00,0.00001397,0.00001397,0.00001397,0.00001397,0.00,1747029419999,0.00000000,0,0.00,0.00000000,0
2025-05-12 05:57:00,0.00001397,0.00001397,0.00001397,0.00001397,0.00,1747029479999,0.00000000,0,0.00,0.00000000,0
2025-05-12 05:58:00,0.00001397,0.00001397,0.00001397,0.00001397,0.00,1747029539999,0.00000000,0,0.00,0.00000000,0
2025-05-12 05:59:00,0.00001397,0.00001397,0.00001397,0.00001397,0.00,1747029599999,0.00000000,0,0.00,0.00000000,0
2025-05-12 06:00:00,0.00001397,0.00001397,0.00001397,0.00001397,0.00,1747029659999,0.00000000,0,0.00,0.00000000,0
2025-05-12 06:01:00,0.00001397,0.00001397,0.00001397,0.00001397,0.00,1747029719999,0.00000000,0,0.00,0.00000000,0
2025-05-12 06:02:00,0.00001397,0.00001397,0.00001397,0.00001397,0.00,1747029779999,0.00000000,0,0.00,0.00000000,0
2025-05-12 06:03:00,0.00001397,0.00001397,0.00001397,0.00001397,0.00,1747029839999,0.00000000,0,0.00,0.00000000,0
2025-05-12 06:04:00,0.00001397,0.00001397,0.00001397,0.00001397,0.00,1747029899999,0.00000000,0,0.00,0.00000000,0
2025-05-12 06:05:00,0.00001397,0.00001397,0.00001397,0.00001397,0.00,1747029959999,0.00000000,0,0.00,0.00000000,0
2025-05-12 06:06:00,0.00001397,0.00001397,0.00001397,0.00001397,0.00,1747030019999,0.00000000,0,0.00,0.00000000,0
2025-05-12 06:07:00,0.00001397,0.00001397,0.00001397,0.00001397,0.00,1747030079999,0.00000000,0,0.00,0.00000000,0
2025-05-12 06:08:00,0.00001397,0.00001397,0.00001397,0.00001397,0.00,1747030139999,0.00000000,0,0.00,0.00000000,0
2025-05-12 06:09:00,0.00001397,0.00001397,0.00001397,0.00001397,0.00,1747030199999,0.00000000,0,0.00,0.00000000,0
2025-05-12 06:10:00,0.00001397,0.00001397,0.00001397,0.00001397,0.00,1747030259999,0.00000000,0,0.00,0.00000000,0
2025-05-12 06:11:00,0.00001397,0.00001397,0.00001397,0.00001397,0.00,1747030319999,0.00000000,0,0.00,0.00000000,0
2025-05-12 06:12:00,0.00001397,0.00001397,0.00001397,0.00001397,0.00,1747030379999,0.00000000,0,0.00,0.00000000,0
2025-05-12 06:13:00,0.00001397,0.00001397,0.00001397,0.00001397,0.00,1747030439999,0.00000000,0,0.00,0.00000000,0
2025-05-12 06:14:00,0.00001397,0.00001397,0.00001397,0.00001397,0.00,1747030499999,0.00000000,0,0.00,0.00000000,0
2025-05-12 06:15:00,0.00001397,0.00001397,0.00001397,0.00001397,0.00,1747030559999,0.00000000,0,0.00,0.00000000,0
2025-05-12 06:16:00,0.00001397,0.00001397,0.00001397,0.00001397,0.00,1747030619999,0.00000000,0,0.00,0.00000000,0
2025-05-12 06:17:00,0.00001397,0.00001397,0.00001397,0.00001397,0.00,1747030679999,0.00000000,0,0.00,0.00000000,0
2025-05-12 06:18:00,0.00001397,0.00001397,0.00001397,0.00001397,0.00,1747030739999,0.00000000,0,0.00,0.00000000,0
2025-05-12 06:19:00,0.00001397,0.00001397,0.00001397,0.00001397,0.00,1747030799999,0.00000000,0,0.00,0.00000000,0
2025-05-12 06:20:00,0.00001397,0.00001397,0.00001397,0.00001397,0.00,1747030859999,0.00000000,0,0.00,0.00000000,0
2025-05-12 06:21:00,0.00001397,0.00001397,0.00001397,0.00001397,0.00,1747030919999,0.00000000,0,0.00,0.00000000,0
2025-05-12 06:22:00,0.00001397,0.00001397,0.00001397,0.00001397,0.00,1747030979999,0.00000000,0,0.00,0.00000000,0
2025-05-12 06:23:00,0.00001397,0.00001397,0.00001397,0.00001397,0.00,1747031039999,0.00000000,0,0.00,0.00000000,0
2025-05-12 06:24:00,0.00001397,0.00001397,0.00001397,0.00001397,0.00,1747031099999,0.00000000,0,0.00,0.00000000,0
2025-05-12 06:25:00,0.00001397,0.00001397,0.00001397,0.00001397,0.00,1747031159999,0.00000000,0,0.00,0.00000000,0
2025-05-12 06:26:00,0.00001397,0.00001397,0.00001397,0.00001397,0.00,1747031219999,0.00000000,0,0.00,0.00000000,0
2025-05-12 06:27:00,0.00001397,0.00001397,0.00001397,0.00001397,0.00,1747031279999,0.00000000,0,0.00,0.00000000,0
2025-05-12 06:28:00,0.00001397,0.00001397,0.00001397,0.00001397,0.00,1747031339999,0.00000000,0,0.00,0.00000000,0
2025-05-12 06:29:00,0.00001397,0.00001397,0.00001397,0.00001397,0.00,1747031399999,0.00000000,0,0.00,0.00000000,0
2025-05-12 06:30:00,0.00001397,0.00001397,0.00001397,0.00001397,0.00,1747031459999,0.00000000,0,0.00,0.00000000,0
2025-05-12 06:31:00,0.00001397,0.00001397,0.00001397,0.00001397,0.00,1747031519999,0.00000000,0,0.00,0.00000000,0
2025-05-12 06:32:00,0.00001397,0.00001397,0.00001397,0.00001397,0.00,1747031579999,0.00000000,0,0.00,0.00000000,0
2025-05-12 06:33:00,0.00001397,0.00001397,0.00001397,0.00001397,0.00,1747031639999,0.00000000,0,0.00,0.00000000,0
2025-05-12 06:34:00,0.00001397,0.00001397,0.00001397,0.00001397,0.00,1747031699999,0.00000000,0,0.00,0.00000000,0
2025-05-12 06:35:00,0.00001397,0.00001397,0.00001397,0.00001397,0.00,1747031759999,0.00000000,0,0.00,0.00000000,0
2025-05-12 06:36:00,0.00001397,0.00001397,0.00001397,0.00001397,0.00,1747031819999,0.00000000,0,0.00,0.00000000,0
2025-05-12 06:37:00,0.00001397,0.00001397,0.00001397,0.00001397,0.00,1747031879999,0.00000000,0,0.00,0.00000000,0
2025-05-12 06:38:00,0.00001397,0.00001397,0.00001397,0.00001397,0.00,1747031939999,0.00000000,0,0.00,0.00000000,0
2025-05-12 06:39:00,0.00001421,0.00001421,0.00001421,0.00001421,200000.00,1747031999999,2.84200000,2,200000.00,2.84200000,0
2025-05-12 06:40:00,0.00001421,0.00001421,0.00001421,0.00001421,0.00,1747032059999,0.00000000,0,0.00,0.00000000,0
2025-05-12 06:41:00,0.00001421,0.00001421,0.00001421,0.00001421,0.00,1747032119999,0.00000000,0,0.00,0.00000000,0
2025-05-12 06:42:00,0.00001421,0.00001421,0.00001421,0.00001421,0.00,1747032179999,0.00000000,0,0.00,0.00000000,0
2025-05-12 06:43:00,0.00001421,0.00001421,0.00001421,0.00001421,0.00,1747032239999,0.00000000,0,0.00,0.00000000,0
2025-05-12 06:44:00,0.00001421,0.00001421,0.00001421,0.00001421,0.00,1747032299999,0.00000000,0,0.00,0.00000000,0
2025-05-12 06:45:00,0.00001421,0.00001421,0.00001421,0.00001421,0.00,1747032359999,0.00000000,0,0.00,0.00000000,0
2025-05-12 06:46:00,0.00001421,0.00001421,0.00001421,0.00001421,58429.00,1747032419999,0.83027609,1,58429.00,0.83027609,0
2025-05-12 06:47:00,0.00001421,0.00001421,0.00001421,0.00001421,0.00,1747032479999,0.00000000,0,0.00,0.00000000,0
2025-05-12 06:48:00,0.00001421,0.00001421,0.00001421,0.00001421,0.00,1747032539999,0.00000000,0,0.00,0.00000000,0
2025-05-12 06:49:00,0.00001421,0.00001421,0.00001421,0.00001421,0.00,1747032599999,0.00000000,0,0.00,0.00000000,0
2025-05-12 06:50:00,0.00001421,0.00001421,0.00001421,0.00001421,0.00,1747032659999,0.00000000,0,0.00,0.00000000,0
2025-05-12 06:51:00,0.00001421,0.00001421,0.00001421,0.00001421,0.00,1747032719999,0.00000000,0,0.00,0.00000000,0
2025-05-12 06:52:00,0.00001421,0.00001421,0.00001421,0.00001421,0.00,1747032779999,0.00000000,0,0.00,0.00000000,0
2025-05-12 06:53:00,0.00001421,0.00001421,0.00001421,0.00001421,0.00,1747032839999,0.00000000,0,0.00,0.00000000,0
2025-05-12 06:54:00,0.00001421,0.00001421,0.00001421,0.00001421,0.00,1747032899999,0.00000000,0,0.00,0.00000000,0
2025-05-12 06:55:00,0.00001421,0.00001421,0.00001421,0.00001421,0.00,1747032959999,0.00000000,0,0.00,0.00000000,0
2025-05-12 06:56:00,0.00001421,0.00001421,0.00001421,0.00001421,0.00,1747033019999,0.00000000,0,0.00,0.00000000,0
2025-05-12 06:57:00,0.00001421,0.00001421,0.00001421,0.00001421,0.00,1747033079999,0.00000000,0,0.00,0.00000000,0
2025-05-12 06:58:00,0.00001421,0.00001421,0.00001421,0.00001421,0.00,1747033139999,0.00000000,0,0.00,0.00000000,0
2025-05-12 06:59:00,0.00001421,0.00001421,0.00001421,0.00001421,0.00,1747033199999,0.00000000,0,0.00,0.00000000,0
2025-05-12 07:00:00,0.00001421,0.00001421,0.00001421,0.00001421,0.00,1747033259999,0.00000000,0,0.00,0.00000000,0
2025-05-12 07:01:00,0.00001436,0.00001436,0.00001436,0.00001436,200000.00,1747033319999,2.87200000,2,200000.00,2.87200000,0
2025-05-12 07:02:00,0.00001436,0.00001436,0.00001436,0.00001436,55865.00,1747033379999,0.80222140,1,55865.00,0.80222140,0
2025-05-12 07:03:00,0.00001436,0.00001436,0.00001436,0.00001436,0.00,1747033439999,0.00000000,0,0.00,0.00000000,0
2025-05-12 07:04:00,0.00001436,0.00001436,0.00001436,0.00001436,0.00,1747033499999,0.00000000,0,0.00,0.00000000,0
2025-05-12 07:05:00,0.00001436,0.00001436,0.00001436,0.00001436,0.00,1747033559999,0.00000000,0,0.00,0.00000000,0
2025-05-12 07:06:00,0.00001436,0.00001436,0.00001436,0.00001436,0.00,1747033619999,0.00000000,0,0.00,0.00000000,0
2025-05-12 07:07:00,0.00001436,0.00001436,0.00001436,0.00001436,0.00,1747033679999,0.00000000,0,0.00,0.00000000,0
2025-05-12 07:08:00,0.00001436,0.00001436,0.00001436,0.00001436,0.00,1747033739999,0.00000000,0,0.00,0.00000000,0
2025-05-12 07:09:00,0.00001436,0.00001436,0.00001436,0.00001436,0.00,1747033799999,0.00000000,0,0.00,0.00000000,0
2025-05-12 07:10:00,0.00001436,0.00001436,0.00001436,0.00001436,0.00,1747033859999,0.00000000,0,0.00,0.00000000,0
2025-05-12 07:11:00,0.00001436,0.00001436,0.00001436,0.00001436,0.00,1747033919999,0.00000000,0,0.00,0.00000000,0
2025-05-12 07:12:00,0.00001436,0.00001436,0.00001436,0.00001436,0.00,1747033979999,0.00000000,0,0.00,0.00000000,0
2025-05-12 07:13:00,0.00001436,0.00001436,0.00001436,0.00001436,0.00,1747034039999,0.00000000,0,0.00,0.00000000,0
2025-05-12 07:14:00,0.00001436,0.00001436,0.00001436,0.00001436,0.00,1747034099999,0.00000000,0,0.00,0.00000000,0
2025-05-12 07:15:00,0.00001436,0.00001436,0.00001436,0.00001436,0.00,1747034159999,0.00000000,0,0.00,0.00000000,0
2025-05-12 07:16:00,0.00001436,0.00001436,0.00001436,0.00001436,0.00,1747034219999,0.00000000,0,0.00,0.00000000,0
2025-05-12 07:17:00,0.00001436,0.00001436,0.00001436,0.00001436,0.00,1747034279999,0.00000000,0,0.00,0.00000000,0
2025-05-12 07:18:00,0.00001436,0.00001436,0.00001436,0.00001436,0.00,1747034339999,0.00000000,0,0.00,0.00000000,0
2025-05-12 07:19:00,0.00001436,0.00001436,0.00001436,0.00001436,0.00,1747034399999,0.00000000,0,0.00,0.00000000,0
2025-05-12 07:20:00,0.00001436,0.00001436,0.00001436,0.00001436,0.00,1747034459999,0.00000000,0,0.00,0.00000000,0
2025-05-12 07:21:00,0.00001436,0.00001436,0.00001436,0.00001436,0.00,1747034519999,0.00000000,0,0.00,0.00000000,0
2025-05-12 07:22:00,0.00001436,0.00001436,0.00001436,0.00001436,0.00,1747034579999,0.00000000,0,0.00,0.00000000,0
2025-05-12 07:23:00,0.00001436,0.00001436,0.00001436,0.00001436,0.00,1747034639999,0.00000000,0,0.00,0.00000000,0
2025-05-12 07:24:00,0.00001464,0.00001464,0.00001464,0.00001464,526744.00,1747034699999,7.71153216,1,0.00,0.00000000,0
2025-05-12 07:25:00,0.00001464,0.00001464,0.00001464,0.00001464,0.00,1747034759999,0.00000000,0,0.00,0.00000000,0
2025-05-12 07:26:00,0.00001470,0.00001477,0.00001470,0.00001470,29398292.00,1747034819999,433.61173147,5,29152593.00,429.99995617,0
2025-05-12 07:27:00,0.00001470,0.00001470,0.00001470,0.00001470,0.00,1747034879999,0.00000000,0,0.00,0.00000000,0
2025-05-12 07:28:00,0.00001470,0.00001470,0.00001470,0.00001470,0.00,1747034939999,0.00000000,0,0.00,0.00000000,0
2025-05-12 07:29:00,0.00001470,0.00001470,0.00001470,0.00001470,0.00,1747034999999,0.00000000,0,0.00,0.00000000,0
2025-05-12 07:30:00,0.00001470,0.00001470,0.00001470,0.00001470,0.00,1747035059999,0.00000000,0,0.00,0.00000000,0
2025-05-12 07:31:00,0.00001470,0.00001470,0.00001470,0.00001470,0.00,1747035119999,0.00000000,0,0.00,0.00000000,0
2025-05-12 07:32:00,0.00001470,0.00001470,0.00001470,0.00001470,0.00,1747035179999,0.00000000,0,0.00,0.00000000,0
2025-05-12 07:33:00,0.00001470,0.00001470,0.00001470,0.00001470,0.00,1747035239999,0.00000000,0,0.00,0.00000000,0
2025-05-12 07:34:00,0.00001470,0.00001470,0.00001470,0.00001470,0.00,1747035299999,0.00000000,0,0.00,0.00000000,0
2025-05-12 07:35:00,0.00001470,0.00001470,0.00001470,0.00001470,0.00,1747035359999,0.00000000,0,0.00,0.00000000,0
2025-05-12 07:36:00,0.00001470,0.00001470,0.00001470,0.00001470,0.00,1747035419999,0.00000000,0,0.00,0.00000000,0
2025-05-12 07:37:00,0.00001470,0.00001470,0.00001470,0.00001470,0.00,1747035479999,0.00000000,0,0.00,0.00000000,0
2025-05-12 07:38:00,0.00001470,0.00001470,0.00001470,0.00001470,0.00,1747035539999,0.00000000,0,0.00,0.00000000,0
2025-05-12 07:39:00,0.00001470,0.00001470,0.00001470,0.00001470,0.00,1747035599999,0.00000000,0,0.00,0.00000000,0
2025-05-12 07:40:00,0.00001470,0.00001470,0.00001470,0.00001470,0.00,1747035659999,0.00000000,0,0.00,0.00000000,0
2025-05-12 07:41:00,0.00001470,0.00001470,0.00001470,0.00001470,0.00,1747035719999,0.00000000,0,0.00,0.00000000,0
2025-05-12 07:42:00,0.00001479,0.00001498,0.00001470,0.00001470,14782547.00,1747035779999,220.50812888,7,14536848.00,216.89635358,0
2025-05-12 07:43:00,0.00001455,0.00001455,0.00001455,0.00001455,205761.00,1747035839999,2.99382255,1,0.00,0.00000000,0
2025-05-12 07:44:00,0.00001455,0.00001455,0.00001455,0.00001455,0.00,1747035899999,0.00000000,0,0.00,0.00000000,0
2025-05-12 07:45:00,0.00001455,0.00001455,0.00001455,0.00001455,0.00,1747035959999,0.00000000,0,0.00,0.00000000,0
2025-05-12 07:46:00,0.00001455,0.00001455,0.00001455,0.00001455,0.00,1747036019999,0.00000000,0,0.00,0.00000000,0
2025-05-12 07:47:00,0.00001455,0.00001455,0.00001455,0.00001455,0.00,1747036079999,0.00000000,0,0.00,0.00000000,0
2025-05-12 07:48:00,0.00001455,0.00001455,0.00001455,0.00001455,42471.00,1747036139999,0.61795305,1,0.00,0.00000000,0
2025-05-12 07:49:00,0.00001455,0.00001455,0.00001455,0.00001455,0.00,1747036199999,0.00000000,0,0.00,0.00000000,0
2025-05-12 07:50:00,0.00001455,0.00001455,0.00001455,0.00001455,0.00,1747036259999,0.00000000,0,0.00,0.00000000,0
2025-05-12 07:51:00,0.00001455,0.00001455,0.00001455,0.00001455,0.00,1747036319999,0.00000000,0,0.00,0.00000000,0
2025-05-12 07:52:00,0.00001455,0.00001455,0.00001455,0.00001455,0.00,1747036379999,0.00000000,0,0.00,0.00000000,0
2025-05-12 07:53:00,0.00001455,0.00001455,0.00001455,0.00001455,0.00,1747036439999,0.00000000,0,0.00,0.00000000,0
2025-05-12 07:54:00,0.00001455,0.00001455,0.00001455,0.00001455,0.00,1747036499999,0.00000000,0,0.00,0.00000000,0
2025-05-12 07:55:00,0.00001455,0.00001455,0.00001455,0.00001455,0.00,1747036559999,0.00000000,0,0.00,0.00000000,0
2025-05-12 07:56:00,0.00001455,0.00001455,0.00001455,0.00001455,0.00,1747036619999,0.00000000,0,0.00,0.00000000,0
2025-05-12 07:57:00,0.00001455,0.00001455,0.00001455,0.00001455,0.00,1747036679999,0.00000000,0,0.00,0.00000000,0
2025-05-12 07:58:00,0.00001455,0.00001455,0.00001455,0.00001455,0.00,1747036739999,0.00000000,0,0.00,0.00000000,0
2025-05-12 07:59:00,0.00001455,0.00001455,0.00001455,0.00001455,0.00,1747036799999,0.00000000,0,0.00,0.00000000,0
2025-05-12 08:00:00,0.00001455,0.00001455,0.00001455,0.00001455,0.00,1747036859999,0.00000000,0,0.00,0.00000000,0
2025-05-12 08:01:00,0.00001455,0.00001455,0.00001455,0.00001455,0.00,1747036919999,0.00000000,0,0.00,0.00000000,0
2025-05-12 08:02:00,0.00001455,0.00001455,0.00001455,0.00001455,0.00,1747036979999,0.00000000,0,0.00,0.00000000,0
2025-05-12 08:03:00,0.00001455,0.00001455,0.00001455,0.00001455,0.00,1747037039999,0.00000000,0,0.00,0.00000000,0
2025-05-12 08:04:00,0.00001455,0.00001455,0.00001455,0.00001455,0.00,1747037099999,0.00000000,0,0.00,0.00000000,0
2025-05-12 08:05:00,0.00001455,0.00001455,0.00001455,0.00001455,0.00,1747037159999,0.00000000,0,0.00,0.00000000,0
2025-05-12 08:06:00,0.00001455,0.00001455,0.00001455,0.00001455,0.00,1747037219999,0.00000000,0,0.00,0.00000000,0
2025-05-12 08:07:00,0.00001455,0.00001455,0.00001455,0.00001455,0.00,1747037279999,0.00000000,0,0.00,0.00000000,0
2025-05-12 08:08:00,0.00001455,0.00001455,0.00001455,0.00001455,0.00,1747037339999,0.00000000,0,0.00,0.00000000,0
2025-05-12 08:09:00,0.00001455,0.00001455,0.00001455,0.00001455,0.00,1747037399999,0.00000000,0,0.00,0.00000000,0
2025-05-12 08:10:00,0.00001455,0.00001455,0.00001455,0.00001455,0.00,1747037459999,0.00000000,0,0.00,0.00000000,0
2025-05-12 08:11:00,0.00001455,0.00001455,0.00001455,0.00001455,0.00,1747037519999,0.00000000,0,0.00,0.00000000,0
2025-05-12 08:12:00,0.00001455,0.00001455,0.00001455,0.00001455,0.00,1747037579999,0.00000000,0,0.00,0.00000000,0
2025-05-12 08:13:00,0.00001455,0.00001455,0.00001455,0.00001455,0.00,1747037639999,0.00000000,0,0.00,0.00000000,0
2025-05-12 08:14:00,0.00001455,0.00001455,0.00001455,0.00001455,0.00,1747037699999,0.00000000,0,0.00,0.00000000,0
2025-05-12 08:15:00,0.00001455,0.00001455,0.00001455,0.00001455,0.00,1747037759999,0.00000000,0,0.00,0.00000000,0
2025-05-12 08:16:00,0.00001455,0.00001455,0.00001455,0.00001455,0.00,1747037819999,0.00000000,0,0.00,0.00000000,0
2025-05-12 08:17:00,0.00001455,0.00001455,0.00001455,0.00001455,0.00,1747037879999,0.00000000,0,0.00,0.00000000,0
2025-05-12 08:18:00,0.00001455,0.00001455,0.00001455,0.00001455,0.00,1747037939999,0.00000000,0,0.00,0.00000000,0
2025-05-12 08:19:00,0.00001455,0.00001455,0.00001455,0.00001455,0.00,1747037999999,0.00000000,0,0.00,0.00000000,0
2025-05-12 08:20:00,0.00001455,0.00001455,0.00001455,0.00001455,0.00,1747038059999,0.00000000,0,0.00,0.00000000,0
2025-05-12 08:21:00,0.00001455,0.00001455,0.00001455,0.00001455,0.00,1747038119999,0.00000000,0,0.00,0.00000000,0
2025-05-12 08:22:00,0.00001455,0.00001455,0.00001455,0.00001455,0.00,1747038179999,0.00000000,0,0.00,0.00000000,0
2025-05-12 08:23:00,0.00001455,0.00001455,0.00001455,0.00001455,0.00,1747038239999,0.00000000,0,0.00,0.00000000,0
2025-05-12 08:24:00,0.00001455,0.00001455,0.00001455,0.00001455,0.00,1747038299999,0.00000000,0,0.00,0.00000000,0
2025-05-12 08:25:00,0.00001455,0.00001455,0.00001455,0.00001455,0.00,1747038359999,0.00000000,0,0.00,0.00000000,0
2025-05-12 08:26:00,0.00001455,0.00001455,0.00001455,0.00001455,0.00,1747038419999,0.00000000,0,0.00,0.00000000,0
2025-05-12 08:27:00,0.00001455,0.00001455,0.00001455,0.00001455,0.00,1747038479999,0.00000000,0,0.00,0.00000000,0
2025-05-12 08:28:00,0.00001455,0.00001455,0.00001455,0.00001455,0.00,1747038539999,0.00000000,0,0.00,0.00000000,0
2025-05-12 08:29:00,0.00001455,0.00001455,0.00001455,0.00001455,0.00,1747038599999,0.00000000,0,0.00,0.00000000,0
2025-05-12 08:30:00,0.00001455,0.00001455,0.00001455,0.00001455,0.00,1747038659999,0.00000000,0,0.00,0.00000000,0
2025-05-12 08:31:00,0.00001455,0.00001455,0.00001455,0.00001455,0.00,1747038719999,0.00000000,0,0.00,0.00000000,0
2025-05-12 08:32:00,0.00001455,0.00001455,0.00001455,0.00001455,0.00,1747038779999,0.00000000,0,0.00,0.00000000,0
2025-05-12 08:33:00,0.00001455,0.00001455,0.00001455,0.00001455,0.00,1747038839999,0.00000000,0,0.00,0.00000000,0
2025-05-12 08:34:00,0.00001455,0.00001455,0.00001455,0.00001455,0.00,1747038899999,0.00000000,0,0.00,0.00000000,0
2025-05-12 08:35:00,0.00001455,0.00001455,0.00001455,0.00001455,0.00,1747038959999,0.00000000,0,0.00,0.00000000,0
2025-05-12 08:36:00,0.00001480,0.00001480,0.00001480,0.00001480,200000.00,1747039019999,2.96000000,2,200000.00,2.96000000,0
2025-05-12 08:37:00,0.00001480,0.00001480,0.00001480,0.00001480,0.00,1747039079999,0.00000000,0,0.00,0.00000000,0
2025-05-12 08:38:00,0.00001480,0.00001480,0.00001480,0.00001480,0.00,1747039139999,0.00000000,0,0.00,0.00000000,0
2025-05-12 08:39:00,0.00001480,0.00001480,0.00001480,0.00001480,0.00,1747039199999,0.00000000,0,0.00,0.00000000,0
2025-05-12 08:40:00,0.00001480,0.00001480,0.00001480,0.00001480,0.00,1747039259999,0.00000000,0,0.00,0.00000000,0
2025-05-12 08:41:00,0.00001480,0.00001480,0.00001480,0.00001480,0.00,1747039319999,0.00000000,0,0.00,0.00000000,0
2025-05-12 08:42:00,0.00001496,0.00001496,0.00001496,0.00001496,245595.00,1747039379999,3.67410120,2,245595.00,3.67410120,0
2025-05-12 08:43:00,0.00001500,0.00001500,0.00001500,0.00001500,13100385.00,1747039439999,196.50577500,2,13100385.00,196.50577500,0
2025-05-12 08:44:00,0.00001500,0.00001500,0.00001500,0.00001500,0.00,1747039499999,0.00000000,0,0.00,0.00000000,0
2025-05-12 08:45:00,0.00001500,0.00001500,0.00001500,0.00001500,0.00,1747039559999,0.00000000,0,0.00,0.00000000,0
2025-05-12 08:46:00,0.00001500,0.00001500,0.00001500,0.00001500,0.00,1747039619999,0.00000000,0,0.00,0.00000000,0
2025-05-12 08:47:00,0.00001500,0.00001500,0.00001500,0.00001500,0.00,1747039679999,0.00000000,0,0.00,0.00000000,0
2025-05-12 08:48:00,0.00001500,0.00001500,0.00001500,0.00001500,35036.00,1747039739999,0.52554000,1,35036.00,0.52554000,0
2025-05-12 08:49:00,0.00001522,0.00001522,0.00001522,0.00001522,853578.00,1747039799999,12.99145716,1,0.00,0.00000000,0
2025-05-12 08:50:00,0.00001522,0.00001522,0.00001522,0.00001522,0.00,1747039859999,0.00000000,0,0.00,0.00000000,0
2025-05-12 08:51:00,0.00001522,0.00001522,0.00001522,0.00001522,0.00,1747039919999,0.00000000,0,0.00,0.00000000,0
2025-05-12 08:52:00,0.00001530,0.00001530,0.00001530,0.00001530,236064.00,1747039979999,3.61177920,2,0.00,0.00000000,0
2025-05-12 08:53:00,0.00001530,0.00001530,0.00001530,0.00001530,0.00,1747040039999,0.00000000,0,0.00,0.00000000,0
2025-05-12 08:54:00,0.00001530,0.00001530,0.00001530,0.00001530,0.00,1747040099999,0.00000000,0,0.00,0.00000000,0
2025-05-12 08:55:00,0.00001515,0.00001515,0.00001515,0.00001515,197758.00,1747040159999,2.99603370,1,0.00,0.00000000,0
2025-05-12 08:56:00,0.00001515,0.00001515,0.00001515,0.00001515,40643.00,1747040219999,0.61574145,1,0.00,0.00000000,0
2025-05-12 08:57:00,0.00001515,0.00001515,0.00001515,0.00001515,0.00,1747040279999,0.00000000,0,0.00,0.00000000,0
2025-05-12 08:58:00,0.00001515,0.00001515,0.00001515,0.00001515,0.00,1747040339999,0.00000000,0,0.00,0.00000000,0
2025-05-12 08:59:00,0.00001515,0.00001515,0.00001515,0.00001515,0.00,1747040399999,0.00000000,0,0.00,0.00000000,0
2025-05-12 09:00:00,0.00001515,0.00001515,0.00001515,0.00001515,0.00,1747040459999,0.00000000,0,0.00,0.00000000,0
2025-05-12 09:01:00,0.00001515,0.00001515,0.00001515,0.00001515,0.00,1747040519999,0.00000000,0,0.00,0.00000000,0
2025-05-12 09:02:00,0.00001515,0.00001515,0.00001515,0.00001515,0.00,1747040579999,0.00000000,0,0.00,0.00000000,0
2025-05-12 09:03:00,0.00001515,0.00001515,0.00001515,0.00001515,0.00,1747040639999,0.00000000,0,0.00,0.00000000,0
2025-05-12 09:04:00,0.00001515,0.00001515,0.00001515,0.00001515,0.00,1747040699999,0.00000000,0,0.00,0.00000000,0
2025-05-12 09:05:00,0.00001515,0.00001515,0.00001515,0.00001515,0.00,1747040759999,0.00000000,0,0.00,0.00000000,0
2025-05-12 09:06:00,0.00001515,0.00001515,0.00001515,0.00001515,0.00,1747040819999,0.00000000,0,0.00,0.00000000,0
2025-05-12 09:07:00,0.00001502,0.00001502,0.00001495,0.00001495,2531646.00,1747040879999,38.02498139,2,0.00,0.00000000,0
2025-05-12 09:08:00,0.00001495,0.00001495,0.00001495,0.00001495,0.00,1747040939999,0.00000000,0,0.00,0.00000000,0
2025-05-12 09:09:00,0.00001495,0.00001495,0.00001495,0.00001495,0.00,1747040999999,0.00000000,0,0.00,0.00000000,0
2025-05-12 09:10:00,0.00001495,0.00001495,0.00001495,0.00001495,0.00,1747041059999,0.00000000,0,0.00,0.00000000,0
2025-05-12 09:11:00,0.00001495,0.00001495,0.00001495,0.00001495,0.00,1747041119999,0.00000000,0,0.00,0.00000000,0
2025-05-12 09:12:00,0.00001495,0.00001495,0.00001495,0.00001495,0.00,1747041179999,0.00000000,0,0.00,0.00000000,0
2025-05-12 09:13:00,0.00001495,0.00001495,0.00001495,0.00001495,0.00,1747041239999,0.00000000,0,0.00,0.00000000,0
2025-05-12 09:14:00,0.00001495,0.00001495,0.00001495,0.00001495,0.00,1747041299999,0.00000000,0,0.00,0.00000000,0
2025-05-12 09:15:00,0.00001495,0.00001495,0.00001495,0.00001495,0.00,1747041359999,0.00000000,0,0.00,0.00000000,0
2025-05-12 09:16:00,0.00001495,0.00001495,0.00001495,0.00001495,0.00,1747041419999,0.00000000,0,0.00,0.00000000,0
2025-05-12 09:17:00,0.00001495,0.00001495,0.00001495,0.00001495,0.00,1747041479999,0.00000000,0,0.00,0.00000000,0
2025-05-12 09:18:00,0.00001495,0.00001495,0.00001495,0.00001495,0.00,1747041539999,0.00000000,0,0.00,0.00000000,0
2025-05-12 09:19:00,0.00001495,0.00001495,0.00001495,0.00001495,0.00,1747041599999,0.00000000,0,0.00,0.00000000,0
2025-05-12 09:20:00,0.00001495,0.00001495,0.00001495,0.00001495,0.00,1747041659999,0.00000000,0,0.00,0.00000000,0
2025-05-12 09:21:00,0.00001495,0.00001495,0.00001495,0.00001495,0.00,1747041719999,0.00000000,0,0.00,0.00000000,0
2025-05-12 09:22:00,0.00001495,0.00001495,0.00001495,0.00001495,0.00,1747041779999,0.00000000,0,0.00,0.00000000,0
2025-05-12 09:23:00,0.00001495,0.00001495,0.00001495,0.00001495,0.00,1747041839999,0.00000000,0,0.00,0.00000000,0
2025-05-12 09:24:00,0.00001495,0.00001495,0.00001495,0.00001495,0.00,1747041899999,0.00000000,0,0.00,0.00000000,0
2025-05-12 09:25:00,0.00001488,0.00001488,0.00001488,0.00001488,14589381.00,1747041959999,217.08998928,2,14589381.00,217.08998928,0
2025-05-12 09:26:00,0.00001488,0.00001488,0.00001488,0.00001488,4548917.00,1747042019999,67.68788496,3,4548917.00,67.68788496,0
2025-05-12 09:27:00,0.00001488,0.00001488,0.00001488,0.00001488,38239053.00,1747042079999,568.99710864,5,38239053.00,568.99710864,0
2025-05-12 09:28:00,0.00001488,0.00001488,0.00001488,0.00001488,0.00,1747042139999,0.00000000,0,0.00,0.00000000,0
2025-05-12 09:29:00,0.00001488,0.00001488,0.00001488,0.00001488,0.00,1747042199999,0.00000000,0,0.00,0.00000000,0
2025-05-12 09:30:00,0.00001488,0.00001488,0.00001488,0.00001488,0.00,1747042259999,0.00000000,0,0.00,0.00000000,0
2025-05-12 09:31:00,0.00001488,0.00001488,0.00001488,0.00001488,0.00,1747042319999,0.00000000,0,0.00,0.00000000,0
2025-05-12 09:32:00,0.00001488,0.00001488,0.00001488,0.00001488,0.00,1747042379999,0.00000000,0,0.00,0.00000000,0
2025-05-12 09:33:00,0.00001488,0.00001488,0.00001488,0.00001488,0.00,1747042439999,0.00000000,0,0.00,0.00000000,0
2025-05-12 09:34:00,0.00001488,0.00001488,0.00001488,0.00001488,0.00,1747042499999,0.00000000,0,0.00,0.00000000,0
2025-05-12 09:35:00,0.00001488,0.00001488,0.00001488,0.00001488,0.00,1747042559999,0.00000000,0,0.00,0.00000000,0
2025-05-12 09:36:00,0.00001488,0.00001488,0.00001488,0.00001488,0.00,1747042619999,0.00000000,0,0.00,0.00000000,0
2025-05-12 09:37:00,0.00001488,0.00001488,0.00001488,0.00001488,0.00,1747042679999,0.00000000,0,0.00,0.00000000,0
2025-05-12 09:38:00,0.00001488,0.00001488,0.00001488,0.00001488,0.00,1747042739999,0.00000000,0,0.00,0.00000000,0
2025-05-12 09:39:00,0.00001488,0.00001488,0.00001488,0.00001488,0.00,1747042799999,0.00000000,0,0.00,0.00000000,0
2025-05-12 09:40:00,0.00001488,0.00001488,0.00001488,0.00001488,0.00,1747042859999,0.00000000,0,0.00,0.00000000,0
2025-05-12 09:41:00,0.00001488,0.00001488,0.00001488,0.00001488,0.00,1747042919999,0.00000000,0,0.00,0.00000000,0
2025-05-12 09:42:00,0.00001488,0.00001488,0.00001488,0.00001488,0.00,1747042979999,0.00000000,0,0.00,0.00000000,0
2025-05-12 09:43:00,0.00001488,0.00001488,0.00001488,0.00001488,0.00,1747043039999,0.00000000,0,0.00,0.00000000,0
2025-05-12 09:44:00,0.00001488,0.00001488,0.00001488,0.00001488,0.00,1747043099999,0.00000000,0,0.00,0.00000000,0
2025-05-12 09:45:00,0.00001488,0.00001488,0.00001488,0.00001488,0.00,1747043159999,0.00000000,0,0.00,0.00000000,0
2025-05-12 09:46:00,0.00001488,0.00001488,0.00001488,0.00001488,0.00,1747043219999,0.00000000,0,0.00,0.00000000,0
2025-05-12 09:47:00,0.00001488,0.00001488,0.00001488,0.00001488,0.00,1747043279999,0.00000000,0,0.00,0.00000000,0
2025-05-12 09:48:00,0.00001485,0.00001485,0.00001485,0.00001485,201748.00,1747043339999,2.99595780,1,0.00,0.00000000,0
2025-05-12 09:49:00,0.00001485,0.00001485,0.00001485,0.00001485,41469.00,1747043399999,0.61581465,1,0.00,0.00000000,0
2025-05-12 09:50:00,0.00001485,0.00001485,0.00001485,0.00001485,0.00,1747043459999,0.00000000,0,0.00,0.00000000,0
2025-05-12 09:51:00,0.00001485,0.00001485,0.00001485,0.00001485,0.00,1747043519999,0.00000000,0,0.00,0.00000000,0
2025-05-12 09:52:00,0.00001485,0.00001485,0.00001485,0.00001485,0.00,1747043579999,0.00000000,0,0.00,0.00000000,0
2025-05-12 09:53:00,0.00001485,0.00001485,0.00001485,0.00001485,0.00,1747043639999,0.00000000,0,0.00,0.00000000,0
2025-05-12 09:54:00,0.00001485,0.00001485,0.00001485,0.00001485,0.00,1747043699999,0.00000000,0,0.00,0.00000000,0
2025-05-12 09:55:00,0.00001485,0.00001485,0.00001485,0.00001485,0.00,1747043759999,0.00000000,0,0.00,0.00000000,0
2025-05-12 09:56:00,0.00001485,0.00001485,0.00001485,0.00001485,0.00,1747043819999,0.00000000,0,0.00,0.00000000,0
2025-05-12 09:57:00,0.00001485,0.00001485,0.00001485,0.00001485,0.00,1747043879999,0.00000000,0,0.00,0.00000000,0
2025-05-12 09:58:00,0.00001485,0.00001485,0.00001485,0.00001485,0.00,1747043939999,0.00000000,0,0.00,0.00000000,0
2025-05-12 09:59:00,0.00001485,0.00001485,0.00001485,0.00001485,0.00,1747043999999,0.00000000,0,0.00,0.00000000,0
2025-05-12 10:00:00,0.00001485,0.00001485,0.00001485,0.00001485,0.00,1747044059999,0.00000000,0,0.00,0.00000000,0
2025-05-12 10:01:00,0.00001485,0.00001485,0.00001485,0.00001485,0.00,1747044119999,0.00000000,0,0.00,0.00000000,0
2025-05-12 10:02:00,0.00001485,0.00001485,0.00001485,0.00001485,0.00,1747044179999,0.00000000,0,0.00,0.00000000,0
2025-05-12 10:03:00,0.00001485,0.00001485,0.00001485,0.00001485,0.00,1747044239999,0.00000000,0,0.00,0.00000000,0
2025-05-12 10:04:00,0.00001485,0.00001485,0.00001485,0.00001485,0.00,1747044299999,0.00000000,0,0.00,0.00000000,0
2025-05-12 10:05:00,0.00001485,0.00001485,0.00001485,0.00001485,0.00,1747044359999,0.00000000,0,0.00,0.00000000,0
2025-05-12 10:06:00,0.00001485,0.00001485,0.00001485,0.00001485,0.00,1747044419999,0.00000000,0,0.00,0.00000000,0
2025-05-12 10:07:00,0.00001485,0.00001485,0.00001485,0.00001485,0.00,1747044479999,0.00000000,0,0.00,0.00000000,0
2025-05-12 10:08:00,0.00001485,0.00001485,0.00001485,0.00001485,0.00,1747044539999,0.00000000,0,0.00,0.00000000,0
2025-05-12 10:09:00,0.00001485,0.00001485,0.00001485,0.00001485,0.00,1747044599999,0.00000000,0,0.00,0.00000000,0
2025-05-12 10:10:00,0.00001485,0.00001485,0.00001485,0.00001485,0.00,1747044659999,0.00000000,0,0.00,0.00000000,0
2025-05-12 10:11:00,0.00001485,0.00001485,0.00001485,0.00001485,0.00,1747044719999,0.00000000,0,0.00,0.00000000,0
2025-05-12 10:12:00,0.00001485,0.00001485,0.00001485,0.00001485,0.00,1747044779999,0.00000000,0,0.00,0.00000000,0
2025-05-12 10:13:00,0.00001485,0.00001485,0.00001485,0.00001485,0.00,1747044839999,0.00000000,0,0.00,0.00000000,0
2025-05-12 10:14:00,0.00001485,0.00001485,0.00001485,0.00001485,0.00,1747044899999,0.00000000,0,0.00,0.00000000,0
2025-05-12 10:15:00,0.00001485,0.00001485,0.00001485,0.00001485,0.00,1747044959999,0.00000000,0,0.00,0.00000000,0
2025-05-12 10:16:00,0.00001485,0.00001485,0.00001485,0.00001485,0.00,1747045019999,0.00000000,0,0.00,0.00000000,0
2025-05-12 10:17:00,0.00001485,0.00001485,0.00001485,0.00001485,0.00,1747045079999,0.00000000,0,0.00,0.00000000,0
2025-05-12 10:18:00,0.00001485,0.00001485,0.00001485,0.00001485,0.00,1747045139999,0.00000000,0,0.00,0.00000000,0
2025-05-12 10:19:00,0.00001485,0.00001485,0.00001485,0.00001485,0.00,1747045199999,0.00000000,0,0.00,0.00000000,0
2025-05-12 10:20:00,0.00001485,0.00001485,0.00001485,0.00001485,0.00,1747045259999,0.00000000,0,0.00,0.00000000,0
2025-05-12 10:21:00,0.00001485,0.00001485,0.00001485,0.00001485,0.00,1747045319999,0.00000000,0,0.00,0.00000000,0
2025-05-12 10:22:00,0.00001485,0.00001485,0.00001485,0.00001485,0.00,1747045379999,0.00000000,0,0.00,0.00000000,0
2025-05-12 10:23:00,0.00001485,0.00001485,0.00001485,0.00001485,0.00,1747045439999,0.00000000,0,0.00,0.00000000,0
2025-05-12 10:24:00,0.00001485,0.00001485,0.00001485,0.00001485,0.00,1747045499999,0.00000000,0,0.00,0.00000000,0
2025-05-12 10:25:00,0.00001485,0.00001485,0.00001485,0.00001485,0.00,1747045559999,0.00000000,0,0.00,0.00000000,0
2025-05-12 10:26:00,0.00001485,0.00001485,0.00001485,0.00001485,0.00,1747045619999,0.00000000,0,0.00,0.00000000,0
2025-05-12 10:27:00,0.00001485,0.00001485,0.00001485,0.00001485,0.00,1747045679999,0.00000000,0,0.00,0.00000000,0
2025-05-12 10:28:00,0.00001485,0.00001485,0.00001485,0.00001485,0.00,1747045739999,0.00000000,0,0.00,0.00000000,0
2025-05-12 10:29:00,0.00001485,0.00001485,0.00001485,0.00001485,0.00,1747045799999,0.00000000,0,0.00,0.00000000,0
2025-05-12 10:30:00,0.00001485,0.00001485,0.00001485,0.00001485,0.00,1747045859999,0.00000000,0,0.00,0.00000000,0
2025-05-12 10:31:00,0.00001485,0.00001485,0.00001485,0.00001485,0.00,1747045919999,0.00000000,0,0.00,0.00000000,0
2025-05-12 10:32:00,0.00001485,0.00001485,0.00001485,0.00001485,0.00,1747045979999,0.00000000,0,0.00,0.00000000,0
2025-05-12 10:33:00,0.00001485,0.00001485,0.00001485,0.00001485,0.00,1747046039999,0.00000000,0,0.00,0.00000000,0
2025-05-12 10:34:00,0.00001485,0.00001485,0.00001485,0.00001485,0.00,1747046099999,0.00000000,0,0.00,0.00000000,0
2025-05-12 10:35:00,0.00001485,0.00001485,0.00001485,0.00001485,0.00,1747046159999,0.00000000,0,0.00,0.00000000,0
2025-05-12 10:36:00,0.00001485,0.00001485,0.00001485,0.00001485,0.00,1747046219999,0.00000000,0,0.00,0.00000000,0
2025-05-12 10:37:00,0.00001485,0.00001485,0.00001485,0.00001485,0.00,1747046279999,0.00000000,0,0.00,0.00000000,0
2025-05-12 10:38:00,0.00001485,0.00001485,0.00001485,0.00001485,0.00,1747046339999,0.00000000,0,0.00,0.00000000,0
2025-05-12 10:39:00,0.00001485,0.00001485,0.00001485,0.00001485,0.00,1747046399999,0.00000000,0,0.00,0.00000000,0
2025-05-12 10:40:00,0.00001485,0.00001485,0.00001485,0.00001485,0.00,1747046459999,0.00000000,0,0.00,0.00000000,0
2025-05-12 10:41:00,0.00001485,0.00001485,0.00001485,0.00001485,0.00,1747046519999,0.00000000,0,0.00,0.00000000,0
2025-05-12 10:42:00,0.00001485,0.00001485,0.00001485,0.00001485,0.00,1747046579999,0.00000000,0,0.00,0.00000000,0
2025-05-12 10:43:00,0.00001485,0.00001485,0.00001485,0.00001485,0.00,1747046639999,0.00000000,0,0.00,0.00000000,0
2025-05-12 10:44:00,0.00001485,0.00001485,0.00001485,0.00001485,0.00,1747046699999,0.00000000,0,0.00,0.00000000,0
2025-05-12 10:45:00,0.00001485,0.00001485,0.00001485,0.00001485,0.00,1747046759999,0.00000000,0,0.00,0.00000000,0
2025-05-12 10:46:00,0.00001485,0.00001485,0.00001485,0.00001485,0.00,1747046819999,0.00000000,0,0.00,0.00000000,0
2025-05-12 10:47:00,0.00001485,0.00001485,0.00001485,0.00001485,0.00,1747046879999,0.00000000,0,0.00,0.00000000,0
2025-05-12 10:48:00,0.00001485,0.00001485,0.00001485,0.00001485,0.00,1747046939999,0.00000000,0,0.00,0.00000000,0
2025-05-12 10:49:00,0.00001485,0.00001485,0.00001485,0.00001485,0.00,1747046999999,0.00000000,0,0.00,0.00000000,0
2025-05-12 10:50:00,0.00001485,0.00001485,0.00001485,0.00001485,0.00,1747047059999,0.00000000,0,0.00,0.00000000,0
2025-05-12 10:51:00,0.00001485,0.00001485,0.00001485,0.00001485,0.00,1747047119999,0.00000000,0,0.00,0.00000000,0
2025-05-12 10:52:00,0.00001485,0.00001485,0.00001485,0.00001485,0.00,1747047179999,0.00000000,0,0.00,0.00000000,0
2025-05-12 10:53:00,0.00001485,0.00001485,0.00001485,0.00001485,0.00,1747047239999,0.00000000,0,0.00,0.00000000,0
2025-05-12 10:54:00,0.00001485,0.00001485,0.00001485,0.00001485,0.00,1747047299999,0.00000000,0,0.00,0.00000000,0
2025-05-12 10:55:00,0.00001485,0.00001485,0.00001485,0.00001485,0.00,1747047359999,0.00000000,0,0.00,0.00000000,0
2025-05-12 10:56:00,0.00001485,0.00001485,0.00001485,0.00001485,0.00,1747047419999,0.00000000,0,0.00,0.00000000,0
2025-05-12 10:57:00,0.00001485,0.00001485,0.00001485,0.00001485,0.00,1747047479999,0.00000000,0,0.00,0.00000000,0
2025-05-12 10:58:00,0.00001485,0.00001485,0.00001485,0.00001485,0.00,1747047539999,0.00000000,0,0.00,0.00000000,0
2025-05-12 10:59:00,0.00001485,0.00001485,0.00001485,0.00001485,0.00,1747047599999,0.00000000,0,0.00,0.00000000,0
2025-05-12 11:00:00,0.00001485,0.00001485,0.00001485,0.00001485,0.00,1747047659999,0.00000000,0,0.00,0.00000000,0
2025-05-12 11:01:00,0.00001485,0.00001485,0.00001485,0.00001485,0.00,1747047719999,0.00000000,0,0.00,0.00000000,0
2025-05-12 11:02:00,0.00001485,0.00001485,0.00001485,0.00001485,0.00,1747047779999,0.00000000,0,0.00,0.00000000,0
2025-05-12 11:03:00,0.00001470,0.00001470,0.00001470,0.00001470,203942.00,1747047839999,2.99794740,1,0.00,0.00000000,0
2025-05-12 11:04:00,0.00001470,0.00001470,0.00001470,0.00001470,0.00,1747047899999,0.00000000,0,0.00,0.00000000,0
2025-05-12 11:05:00,0.00001470,0.00001470,0.00001470,0.00001470,0.00,1747047959999,0.00000000,0,0.00,0.00000000,0
2025-05-12 11:06:00,0.00001470,0.00001470,0.00001470,0.00001470,0.00,1747048019999,0.00000000,0,0.00,0.00000000,0
2025-05-12 11:07:00,0.00001470,0.00001470,0.00001470,0.00001470,0.00,1747048079999,0.00000000,0,0.00,0.00000000,0
2025-05-12 11:08:00,0.00001470,0.00001470,0.00001470,0.00001470,0.00,1747048139999,0.00000000,0,0.00,0.00000000,0
2025-05-12 11:09:00,0.00001470,0.00001470,0.00001470,0.00001470,0.00,1747048199999,0.00000000,0,0.00,0.00000000,0
2025-05-12 11:10:00,0.00001470,0.00001470,0.00001470,0.00001470,0.00,1747048259999,0.00000000,0,0.00,0.00000000,0
2025-05-12 11:11:00,0.00001470,0.00001470,0.00001470,0.00001470,0.00,1747048319999,0.00000000,0,0.00,0.00000000,0
2025-05-12 11:12:00,0.00001470,0.00001470,0.00001470,0.00001470,0.00,1747048379999,0.00000000,0,0.00,0.00000000,0
2025-05-12 11:13:00,0.00001470,0.00001470,0.00001470,0.00001470,0.00,1747048439999,0.00000000,0,0.00,0.00000000,0
2025-05-12 11:14:00,0.00001470,0.00001470,0.00001470,0.00001470,0.00,1747048499999,0.00000000,0,0.00,0.00000000,0
2025-05-12 11:15:00,0.00001470,0.00001470,0.00001470,0.00001470,0.00,1747048559999,0.00000000,0,0.00,0.00000000,0
2025-05-12 11:16:00,0.00001470,0.00001470,0.00001470,0.00001470,0.00,1747048619999,0.00000000,0,0.00,0.00000000,0
2025-05-12 11:17:00,0.00001470,0.00001470,0.00001470,0.00001470,0.00,1747048679999,0.00000000,0,0.00,0.00000000,0
2025-05-12 11:18:00,0.00001470,0.00001470,0.00001470,0.00001470,41757.00,1747048739999,0.61382790,1,0.00,0.00000000,0
2025-05-12 11:19:00,0.00001470,0.00001470,0.00001470,0.00001470,0.00,1747048799999,0.00000000,0,0.00,0.00000000,0
2025-05-12 11:20:00,0.00001470,0.00001470,0.00001470,0.00001470,0.00,1747048859999,0.00000000,0,0.00,0.00000000,0
2025-05-12 11:21:00,0.00001470,0.00001470,0.00001470,0.00001470,0.00,1747048919999,0.00000000,0,0.00,0.00000000,0
2025-05-12 11:22:00,0.00001470,0.00001470,0.00001470,0.00001470,0.00,1747048979999,0.00000000,0,0.00,0.00000000,0
2025-05-12 11:23:00,0.00001470,0.00001470,0.00001470,0.00001470,0.00,1747049039999,0.00000000,0,0.00,0.00000000,0
2025-05-12 11:24:00,0.00001470,0.00001470,0.00001470,0.00001470,0.00,1747049099999,0.00000000,0,0.00,0.00000000,0
2025-05-12 11:25:00,0.00001470,0.00001470,0.00001470,0.00001470,0.00,1747049159999,0.00000000,0,0.00,0.00000000,0
2025-05-12 11:26:00,0.00001470,0.00001470,0.00001470,0.00001470,0.00,1747049219999,0.00000000,0,0.00,0.00000000,0
2025-05-12 11:27:00,0.00001470,0.00001470,0.00001470,0.00001470,0.00,1747049279999,0.00000000,0,0.00,0.00000000,0
2025-05-12 11:28:00,0.00001470,0.00001470,0.00001470,0.00001470,0.00,1747049339999,0.00000000,0,0.00,0.00000000,0
2025-05-12 11:29:00,0.00001470,0.00001470,0.00001470,0.00001470,0.00,1747049399999,0.00000000,0,0.00,0.00000000,0
2025-05-12 11:30:00,0.00001470,0.00001470,0.00001470,0.00001470,0.00,1747049459999,0.00000000,0,0.00,0.00000000,0
2025-05-12 11:31:00,0.00001470,0.00001470,0.00001470,0.00001470,0.00,1747049519999,0.00000000,0,0.00,0.00000000,0
2025-05-12 11:32:00,0.00001470,0.00001470,0.00001470,0.00001470,0.00,1747049579999,0.00000000,0,0.00,0.00000000,0
2025-05-12 11:33:00,0.00001470,0.00001470,0.00001470,0.00001470,0.00,1747049639999,0.00000000,0,0.00,0.00000000,0
2025-05-12 11:34:00,0.00001470,0.00001470,0.00001470,0.00001470,0.00,1747049699999,0.00000000,0,0.00,0.00000000,0
2025-05-12 11:35:00,0.00001470,0.00001470,0.00001470,0.00001470,0.00,1747049759999,0.00000000,0,0.00,0.00000000,0
2025-05-12 11:36:00,0.00001470,0.00001470,0.00001470,0.00001470,0.00,1747049819999,0.00000000,0,0.00,0.00000000,0
2025-05-12 11:37:00,0.00001470,0.00001470,0.00001470,0.00001470,0.00,1747049879999,0.00000000,0,0.00,0.00000000,0
2025-05-12 11:38:00,0.00001470,0.00001470,0.00001470,0.00001470,0.00,1747049939999,0.00000000,0,0.00,0.00000000,0
2025-05-12 11:39:00,0.00001470,0.00001470,0.00001470,0.00001470,0.00,1747049999999,0.00000000,0,0.00,0.00000000,0
2025-05-12 11:40:00,0.00001470,0.00001470,0.00001470,0.00001470,0.00,1747050059999,0.00000000,0,0.00,0.00000000,0
2025-05-12 11:41:00,0.00001470,0.00001470,0.00001470,0.00001470,0.00,1747050119999,0.00000000,0,0.00,0.00000000,0
2025-05-12 11:42:00,0.00001470,0.00001470,0.00001470,0.00001470,0.00,1747050179999,0.00000000,0,0.00,0.00000000,0
2025-05-12 11:43:00,0.00001470,0.00001470,0.00001470,0.00001470,0.00,1747050239999,0.00000000,0,0.00,0.00000000,0
2025-05-12 11:44:00,0.00001470,0.00001470,0.00001470,0.00001470,0.00,1747050299999,0.00000000,0,0.00,0.00000000,0
2025-05-12 11:45:00,0.00001470,0.00001470,0.00001470,0.00001470,0.00,1747050359999,0.00000000,0,0.00,0.00000000,0
2025-05-12 11:46:00,0.00001470,0.00001470,0.00001470,0.00001470,0.00,1747050419999,0.00000000,0,0.00,0.00000000,0
2025-05-12 11:47:00,0.00001470,0.00001470,0.00001470,0.00001470,0.00,1747050479999,0.00000000,0,0.00,0.00000000,0
2025-05-12 11:48:00,0.00001470,0.00001470,0.00001470,0.00001470,0.00,1747050539999,0.00000000,0,0.00,0.00000000,0
2025-05-12 11:49:00,0.00001470,0.00001470,0.00001470,0.00001470,0.00,1747050599999,0.00000000,0,0.00,0.00000000,0
2025-05-12 11:50:00,0.00001470,0.00001470,0.00001470,0.00001470,0.00,1747050659999,0.00000000,0,0.00,0.00000000,0
2025-05-12 11:51:00,0.00001470,0.00001470,0.00001470,0.00001470,0.00,1747050719999,0.00000000,0,0.00,0.00000000,0
2025-05-12 11:52:00,0.00001470,0.00001470,0.00001470,0.00001470,0.00,1747050779999,0.00000000,0,0.00,0.00000000,0
2025-05-12 11:53:00,0.00001470,0.00001470,0.00001470,0.00001470,0.00,1747050839999,0.00000000,0,0.00,0.00000000,0
2025-05-12 11:54:00,0.00001470,0.00001470,0.00001470,0.00001470,0.00,1747050899999,0.00000000,0,0.00,0.00000000,0
2025-05-12 11:55:00,0.00001470,0.00001470,0.00001470,0.00001470,0.00,1747050959999,0.00000000,0,0.00,0.00000000,0
2025-05-12 11:56:00,0.00001470,0.00001470,0.00001470,0.00001470,0.00,1747051019999,0.00000000,0,0.00,0.00000000,0
2025-05-12 11:57:00,0.00001470,0.00001470,0.00001470,0.00001470,0.00,1747051079999,0.00000000,0,0.00,0.00000000,0
2025-05-12 11:58:00,0.00001470,0.00001470,0.00001470,0.00001470,0.00,1747051139999,0.00000000,0,0.00,0.00000000,0
2025-05-12 11:59:00,0.00001470,0.00001470,0.00001470,0.00001470,0.00,1747051199999,0.00000000,0,0.00,0.00000000,0
2025-05-12 12:00:00,0.00001470,0.00001470,0.00001470,0.00001470,0.00,1747051259999,0.00000000,0,0.00,0.00000000,0
2025-05-12 12:01:00,0.00001470,0.00001470,0.00001470,0.00001470,0.00,1747051319999,0.00000000,0,0.00,0.00000000,0
2025-05-12 12:02:00,0.00001470,0.00001470,0.00001470,0.00001470,0.00,1747051379999,0.00000000,0,0.00,0.00000000,0
2025-05-12 12:03:00,0.00001470,0.00001470,0.00001470,0.00001470,0.00,1747051439999,0.00000000,0,0.00,0.00000000,0
2025-05-12 12:04:00,0.00001470,0.00001470,0.00001470,0.00001470,0.00,1747051499999,0.00000000,0,0.00,0.00000000,0
2025-05-12 12:05:00,0.00001470,0.00001470,0.00001470,0.00001470,0.00,1747051559999,0.00000000,0,0.00,0.00000000,0
2025-05-12 12:06:00,0.00001470,0.00001470,0.00001470,0.00001470,0.00,1747051619999,0.00000000,0,0.00,0.00000000,0
2025-05-12 12:07:00,0.00001470,0.00001470,0.00001470,0.00001470,0.00,1747051679999,0.00000000,0,0.00,0.00000000,0
2025-05-12 12:08:00,0.00001470,0.00001470,0.00001470,0.00001470,0.00,1747051739999,0.00000000,0,0.00,0.00000000,0
2025-05-12 12:09:00,0.00001446,0.00001446,0.00001446,0.00001446,276052.00,1747051799999,3.99171192,1,0.00,0.00000000,0
2025-05-12 12:10:00,0.00001446,0.00001446,0.00001446,0.00001446,0.00,1747051859999,0.00000000,0,0.00,0.00000000,0
2025-05-12 12:11:00,0.00001446,0.00001446,0.00001446,0.00001446,0.00,1747051919999,0.00000000,0,0.00,0.00000000,0
2025-05-12 12:12:00,0.00001446,0.00001446,0.00001446,0.00001446,0.00,1747051979999,0.00000000,0,0.00,0.00000000,0
2025-05-12 12:13:00,0.00001446,0.00001446,0.00001446,0.00001446,0.00,1747052039999,0.00000000,0,0.00,0.00000000,0
2025-05-12 12:14:00,0.00001446,0.00001446,0.00001446,0.00001446,0.00,1747052099999,0.00000000,0,0.00,0.00000000,0
2025-05-12 12:15:00,0.00001446,0.00001446,0.00001446,0.00001446,0.00,1747052159999,0.00000000,0,0.00,0.00000000,0
2025-05-12 12:16:00,0.00001446,0.00001446,0.00001446,0.00001446,0.00,1747052219999,0.00000000,0,0.00,0.00000000,0
2025-05-12 12:17:00,0.00001446,0.00001446,0.00001446,0.00001446,0.00,1747052279999,0.00000000,0,0.00,0.00000000,0
2025-05-12 12:18:00,0.00001494,0.00001494,0.00001494,0.00001494,97914.00,1747052339999,1.46283516,1,97914.00,1.46283516,0
2025-05-12 12:19:00,0.00001494,0.00001494,0.00001494,0.00001494,0.00,1747052399999,0.00000000,0,0.00,0.00000000,0
2025-05-12 12:20:00,0.00001494,0.00001494,0.00001494,0.00001494,0.00,1747052459999,0.00000000,0,0.00,0.00000000,0
2025-05-12 12:21:00,0.00001494,0.00001494,0.00001494,0.00001494,0.00,1747052519999,0.00000000,0,0.00,0.00000000,0
2025-05-12 12:22:00,0.00001494,0.00001494,0.00001494,0.00001494,0.00,1747052579999,0.00000000,0,0.00,0.00000000,0
2025-05-12 12:23:00,0.00001494,0.00001494,0.00001494,0.00001494,0.00,1747052639999,0.00000000,0,0.00,0.00000000,0
2025-05-12 12:24:00,0.00001494,0.00001494,0.00001494,0.00001494,0.00,1747052699999,0.00000000,0,0.00,0.00000000,0
2025-05-12 12:25:00,0.00001494,0.00001494,0.00001494,0.00001494,0.00,1747052759999,0.00000000,0,0.00,0.00000000,0
2025-05-12 12:26:00,0.00001494,0.00001494,0.00001494,0.00001494,0.00,1747052819999,0.00000000,0,0.00,0.00000000,0
2025-05-12 12:27:00,0.00001494,0.00001494,0.00001494,0.00001494,0.00,1747052879999,0.00000000,0,0.00,0.00000000,0
2025-05-12 12:28:00,0.00001494,0.00001494,0.00001494,0.00001494,0.00,1747052939999,0.00000000,0,0.00,0.00000000,0
2025-05-12 12:29:00,0.00001494,0.00001494,0.00001494,0.00001494,0.00,1747052999999,0.00000000,0,0.00,0.00000000,0
2025-05-12 12:30:00,0.00001494,0.00001494,0.00001494,0.00001494,0.00,1747053059999,0.00000000,0,0.00,0.00000000,0
2025-05-12 12:31:00,0.00001494,0.00001494,0.00001494,0.00001494,0.00,1747053119999,0.00000000,0,0.00,0.00000000,0
2025-05-12 12:32:00,0.00001494,0.00001494,0.00001494,0.00001494,0.00,1747053179999,0.00000000,0,0.00,0.00000000,0
2025-05-12 12:33:00,0.00001494,0.00001494,0.00001494,0.00001494,0.00,1747053239999,0.00000000,0,0.00,0.00000000,0
2025-05-12 12:34:00,0.00001494,0.00001494,0.00001494,0.00001494,0.00,1747053299999,0.00000000,0,0.00,0.00000000,0
2025-05-12 12:35:00,0.00001494,0.00001494,0.00001494,0.00001494,0.00,1747053359999,0.00000000,0,0.00,0.00000000,0
2025-05-12 12:36:00,0.00001494,0.00001494,0.00001494,0.00001494,0.00,1747053419999,0.00000000,0,0.00,0.00000000,0
2025-05-12 12:37:00,0.00001494,0.00001494,0.00001494,0.00001494,0.00,1747053479999,0.00000000,0,0.00,0.00000000,0
2025-05-12 12:38:00,0.00001494,0.00001494,0.00001494,0.00001494,0.00,1747053539999,0.00000000,0,0.00,0.00000000,0
2025-05-12 12:39:00,0.00001494,0.00001494,0.00001494,0.00001494,0.00,1747053599999,0.00000000,0,0.00,0.00000000,0
2025-05-12 12:40:00,0.00001494,0.00001494,0.00001494,0.00001494,0.00,1747053659999,0.00000000,0,0.00,0.00000000,0
2025-05-12 12:41:00,0.00001494,0.00001494,0.00001494,0.00001494,0.00,1747053719999,0.00000000,0,0.00,0.00000000,0
2025-05-12 12:42:00,0.00001494,0.00001494,0.00001494,0.00001494,0.00,1747053779999,0.00000000,0,0.00,0.00000000,0
2025-05-12 12:43:00,0.00001494,0.00001494,0.00001494,0.00001494,0.00,1747053839999,0.00000000,0,0.00,0.00000000,0
2025-05-12 12:44:00,0.00001494,0.00001494,0.00001494,0.00001494,0.00,1747053899999,0.00000000,0,0.00,0.00000000,0
2025-05-12 12:45:00,0.00001494,0.00001494,0.00001494,0.00001494,0.00,1747053959999,0.00000000,0,0.00,0.00000000,0
2025-05-12 12:46:00,0.00001494,0.00001494,0.00001494,0.00001494,0.00,1747054019999,0.00000000,0,0.00,0.00000000,0
2025-05-12 12:47:00,0.00001494,0.00001494,0.00001494,0.00001494,0.00,1747054079999,0.00000000,0,0.00,0.00000000,0
2025-05-12 12:48:00,0.00001494,0.00001494,0.00001494,0.00001494,0.00,1747054139999,0.00000000,0,0.00,0.00000000,0
2025-05-12 12:49:00,0.00001494,0.00001494,0.00001494,0.00001494,0.00,1747054199999,0.00000000,0,0.00,0.00000000,0
2025-05-12 12:50:00,0.00001494,0.00001494,0.00001494,0.00001494,0.00,1747054259999,0.00000000,0,0.00,0.00000000,0
2025-05-12 12:51:00,0.00001494,0.00001494,0.00001494,0.00001494,0.00,1747054319999,0.00000000,0,0.00,0.00000000,0
2025-05-12 12:52:00,0.00001494,0.00001494,0.00001494,0.00001494,0.00,1747054379999,0.00000000,0,0.00,0.00000000,0
2025-05-12 12:53:00,0.00001494,0.00001494,0.00001494,0.00001494,0.00,1747054439999,0.00000000,0,0.00,0.00000000,0
2025-05-12 12:54:00,0.00001494,0.00001494,0.00001494,0.00001494,0.00,1747054499999,0.00000000,0,0.00,0.00000000,0
2025-05-12 12:55:00,0.00001494,0.00001494,0.00001494,0.00001494,0.00,1747054559999,0.00000000,0,0.00,0.00000000,0
2025-05-12 12:56:00,0.00001494,0.00001494,0.00001494,0.00001494,0.00,1747054619999,0.00000000,0,0.00,0.00000000,0
2025-05-12 12:57:00,0.00001494,0.00001494,0.00001494,0.00001494,0.00,1747054679999,0.00000000,0,0.00,0.00000000,0
2025-05-12 12:58:00,0.00001494,0.00001494,0.00001494,0.00001494,0.00,1747054739999,0.00000000,0,0.00,0.00000000,0
2025-05-12 12:59:00,0.00001494,0.00001494,0.00001494,0.00001494,0.00,1747054799999,0.00000000,0,0.00,0.00000000,0
2025-05-12 13:00:00,0.00001494,0.00001494,0.00001494,0.00001494,0.00,1747054859999,0.00000000,0,0.00,0.00000000,0
2025-05-12 13:01:00,0.00001494,0.00001494,0.00001494,0.00001494,0.00,1747054919999,0.00000000,0,0.00,0.00000000,0
2025-05-12 13:02:00,0.00001494,0.00001494,0.00001494,0.00001494,0.00,1747054979999,0.00000000,0,0.00,0.00000000,0
2025-05-12 13:03:00,0.00001494,0.00001494,0.00001494,0.00001494,0.00,1747055039999,0.00000000,0,0.00,0.00000000,0
2025-05-12 13:04:00,0.00001494,0.00001494,0.00001494,0.00001494,0.00,1747055099999,0.00000000,0,0.00,0.00000000,0
2025-05-12 13:05:00,0.00001494,0.00001494,0.00001494,0.00001494,0.00,1747055159999,0.00000000,0,0.00,0.00000000,0
2025-05-12 13:06:00,0.00001494,0.00001494,0.00001494,0.00001494,0.00,1747055219999,0.00000000,0,0.00,0.00000000,0
2025-05-12 13:07:00,0.00001494,0.00001494,0.00001494,0.00001494,0.00,1747055279999,0.00000000,0,0.00,0.00000000,0
2025-05-12 13:08:00,0.00001494,0.00001494,0.00001494,0.00001494,0.00,1747055339999,0.00000000,0,0.00,0.00000000,0
2025-05-12 13:09:00,0.00001494,0.00001494,0.00001494,0.00001494,0.00,1747055399999,0.00000000,0,0.00,0.00000000,0
2025-05-12 13:10:00,0.00001494,0.00001494,0.00001494,0.00001494,0.00,1747055459999,0.00000000,0,0.00,0.00000000,0
2025-05-12 13:11:00,0.00001494,0.00001494,0.00001494,0.00001494,0.00,1747055519999,0.00000000,0,0.00,0.00000000,0
2025-05-12 13:12:00,0.00001494,0.00001494,0.00001494,0.00001494,0.00,1747055579999,0.00000000,0,0.00,0.00000000,0
2025-05-12 13:13:00,0.00001494,0.00001494,0.00001494,0.00001494,0.00,1747055639999,0.00000000,0,0.00,0.00000000,0
2025-05-12 13:14:00,0.00001494,0.00001494,0.00001494,0.00001494,0.00,1747055699999,0.00000000,0,0.00,0.00000000,0
2025-05-12 13:15:00,0.00001494,0.00001494,0.00001494,0.00001494,0.00,1747055759999,0.00000000,0,0.00,0.00000000,0
2025-05-12 13:16:00,0.00001494,0.00001494,0.00001494,0.00001494,0.00,1747055819999,0.00000000,0,0.00,0.00000000,0
2025-05-12 13:17:00,0.00001494,0.00001494,0.00001494,0.00001494,0.00,1747055879999,0.00000000,0,0.00,0.00000000,0
2025-05-12 13:18:00,0.00001494,0.00001494,0.00001494,0.00001494,0.00,1747055939999,0.00000000,0,0.00,0.00000000,0
2025-05-12 13:19:00,0.00001494,0.00001494,0.00001494,0.00001494,0.00,1747055999999,0.00000000,0,0.00,0.00000000,0
2025-05-12 13:20:00,0.00001494,0.00001494,0.00001494,0.00001494,0.00,1747056059999,0.00000000,0,0.00,0.00000000,0
2025-05-12 13:21:00,0.00001494,0.00001494,0.00001494,0.00001494,0.00,1747056119999,0.00000000,0,0.00,0.00000000,0
2025-05-12 13:22:00,0.00001494,0.00001494,0.00001494,0.00001494,0.00,1747056179999,0.00000000,0,0.00,0.00000000,0
2025-05-12 13:23:00,0.00001494,0.00001494,0.00001494,0.00001494,0.00,1747056239999,0.00000000,0,0.00,0.00000000,0
2025-05-12 13:24:00,0.00001494,0.00001494,0.00001494,0.00001494,0.00,1747056299999,0.00000000,0,0.00,0.00000000,0
2025-05-12 13:25:00,0.00001494,0.00001494,0.00001494,0.00001494,0.00,1747056359999,0.00000000,0,0.00,0.00000000,0
2025-05-12 13:26:00,0.00001494,0.00001494,0.00001494,0.00001494,0.00,1747056419999,0.00000000,0,0.00,0.00000000,0
2025-05-12 13:27:00,0.00001494,0.00001494,0.00001494,0.00001494,0.00,1747056479999,0.00000000,0,0.00,0.00000000,0
2025-05-12 13:28:00,0.00001494,0.00001494,0.00001494,0.00001494,0.00,1747056539999,0.00000000,0,0.00,0.00000000,0
2025-05-12 13:29:00,0.00001494,0.00001494,0.00001494,0.00001494,0.00,1747056599999,0.00000000,0,0.00,0.00000000,0
2025-05-12 13:30:00,0.00001494,0.00001494,0.00001494,0.00001494,0.00,1747056659999,0.00000000,0,0.00,0.00000000,0
2025-05-12 13:31:00,0.00001494,0.00001494,0.00001494,0.00001494,0.00,1747056719999,0.00000000,0,0.00,0.00000000,0
2025-05-12 13:32:00,0.00001494,0.00001494,0.00001494,0.00001494,0.00,1747056779999,0.00000000,0,0.00,0.00000000,0
2025-05-12 13:33:00,0.00001494,0.00001494,0.00001494,0.00001494,0.00,1747056839999,0.00000000,0,0.00,0.00000000,0
2025-05-12 13:34:00,0.00001494,0.00001494,0.00001494,0.00001494,0.00,1747056899999,0.00000000,0,0.00,0.00000000,0
2025-05-12 13:35:00,0.00001494,0.00001494,0.00001494,0.00001494,0.00,1747056959999,0.00000000,0,0.00,0.00000000,0
2025-05-12 13:36:00,0.00001494,0.00001494,0.00001494,0.00001494,0.00,1747057019999,0.00000000,0,0.00,0.00000000,0
2025-05-12 13:37:00,0.00001494,0.00001494,0.00001494,0.00001494,0.00,1747057079999,0.00000000,0,0.00,0.00000000,0
2025-05-12 13:38:00,0.00001494,0.00001494,0.00001494,0.00001494,0.00,1747057139999,0.00000000,0,0.00,0.00000000,0
2025-05-12 13:39:00,0.00001421,0.00001421,0.00001421,0.00001421,1755617.00,1747057199999,24.94731757,1,0.00,0.00000000,0
2025-05-12 13:40:00,0.00001421,0.00001421,0.00001421,0.00001421,0.00,1747057259999,0.00000000,0,0.00,0.00000000,0
2025-05-12 13:41:00,0.00001421,0.00001421,0.00001421,0.00001421,0.00,1747057319999,0.00000000,0,0.00,0.00000000,0
2025-05-12 13:42:00,0.00001421,0.00001421,0.00001421,0.00001421,69565.00,1747057379999,0.98851865,1,0.00,0.00000000,0
2025-05-12 13:43:00,0.00001421,0.00001421,0.00001421,0.00001421,0.00,1747057439999,0.00000000,0,0.00,0.00000000,0
2025-05-12 13:44:00,0.00001421,0.00001421,0.00001421,0.00001421,0.00,1747057499999,0.00000000,0,0.00,0.00000000,0
2025-05-12 13:45:00,0.00001421,0.00001421,0.00001421,0.00001421,0.00,1747057559999,0.00000000,0,0.00,0.00000000,0
2025-05-12 13:46:00,0.00001421,0.00001421,0.00001421,0.00001421,0.00,1747057619999,0.00000000,0,0.00,0.00000000,0
2025-05-12 13:47:00,0.00001421,0.00001421,0.00001421,0.00001421,0.00,1747057679999,0.00000000,0,0.00,0.00000000,0
2025-05-12 13:48:00,0.00001421,0.00001421,0.00001421,0.00001421,0.00,1747057739999,0.00000000,0,0.00,0.00000000,0
2025-05-12 13:49:00,0.00001421,0.00001421,0.00001421,0.00001421,0.00,1747057799999,0.00000000,0,0.00,0.00000000,0
2025-05-12 13:50:00,0.00001421,0.00001421,0.00001421,0.00001421,0.00,1747057859999,0.00000000,0,0.00,0.00000000,0
2025-05-12 13:51:00,0.00001421,0.00001421,0.00001421,0.00001421,0.00,1747057919999,0.00000000,0,0.00,0.00000000,0
2025-05-12 13:52:00,0.00001421,0.00001421,0.00001421,0.00001421,0.00,1747057979999,0.00000000,0,0.00,0.00000000,0
2025-05-12 13:53:00,0.00001421,0.00001421,0.00001421,0.00001421,0.00,1747058039999,0.00000000,0,0.00,0.00000000,0
2025-05-12 13:54:00,0.00001421,0.00001421,0.00001421,0.00001421,0.00,1747058099999,0.00000000,0,0.00,0.00000000,0
2025-05-12 13:55:00,0.00001421,0.00001421,0.00001421,0.00001421,0.00,1747058159999,0.00000000,0,0.00,0.00000000,0
2025-05-12 13:56:00,0.00001421,0.00001421,0.00001421,0.00001421,0.00,1747058219999,0.00000000,0,0.00,0.00000000,0
2025-05-12 13:57:00,0.00001421,0.00001421,0.00001421,0.00001421,0.00,1747058279999,0.00000000,0,0.00,0.00000000,0
2025-05-12 13:58:00,0.00001421,0.00001421,0.00001421,0.00001421,0.00,1747058339999,0.00000000,0,0.00,0.00000000,0
2025-05-12 13:59:00,0.00001421,0.00001421,0.00001421,0.00001421,0.00,1747058399999,0.00000000,0,0.00,0.00000000,0
2025-05-12 14:00:00,0.00001421,0.00001421,0.00001421,0.00001421,0.00,1747058459999,0.00000000,0,0.00,0.00000000,0
2025-05-12 14:01:00,0.00001421,0.00001421,0.00001421,0.00001421,0.00,1747058519999,0.00000000,0,0.00,0.00000000,0
2025-05-12 14:02:00,0.00001421,0.00001421,0.00001421,0.00001421,0.00,1747058579999,0.00000000,0,0.00,0.00000000,0
2025-05-12 14:03:00,0.00001421,0.00001421,0.00001421,0.00001421,0.00,1747058639999,0.00000000,0,0.00,0.00000000,0
2025-05-12 14:04:00,0.00001421,0.00001421,0.00001421,0.00001421,0.00,1747058699999,0.00000000,0,0.00,0.00000000,0
2025-05-12 14:05:00,0.00001421,0.00001421,0.00001421,0.00001421,0.00,1747058759999,0.00000000,0,0.00,0.00000000,0
2025-05-12 14:06:00,0.00001421,0.00001421,0.00001421,0.00001421,0.00,1747058819999,0.00000000,0,0.00,0.00000000,0
2025-05-12 14:07:00,0.00001421,0.00001421,0.00001421,0.00001421,0.00,1747058879999,0.00000000,0,0.00,0.00000000,0
2025-05-12 14:08:00,0.00001421,0.00001421,0.00001421,0.00001421,0.00,1747058939999,0.00000000,0,0.00,0.00000000,0
2025-05-12 14:09:00,0.00001421,0.00001421,0.00001421,0.00001421,0.00,1747058999999,0.00000000,0,0.00,0.00000000,0
2025-05-12 14:10:00,0.00001421,0.00001421,0.00001421,0.00001421,0.00,1747059059999,0.00000000,0,0.00,0.00000000,0
2025-05-12 14:11:00,0.00001421,0.00001421,0.00001421,0.00001421,0.00,1747059119999,0.00000000,0,0.00,0.00000000,0
2025-05-12 14:12:00,0.00001421,0.00001421,0.00001421,0.00001421,0.00,1747059179999,0.00000000,0,0.00,0.00000000,0
2025-05-12 14:13:00,0.00001421,0.00001421,0.00001421,0.00001421,0.00,1747059239999,0.00000000,0,0.00,0.00000000,0
2025-05-12 14:14:00,0.00001421,0.00001421,0.00001421,0.00001421,0.00,1747059299999,0.00000000,0,0.00,0.00000000,0
2025-05-12 14:15:00,0.00001421,0.00001421,0.00001421,0.00001421,0.00,1747059359999,0.00000000,0,0.00,0.00000000,0
2025-05-12 14:16:00,0.00001421,0.00001421,0.00001421,0.00001421,0.00,1747059419999,0.00000000,0,0.00,0.00000000,0
2025-05-12 14:17:00,0.00001421,0.00001421,0.00001421,0.00001421,0.00,1747059479999,0.00000000,0,0.00,0.00000000,0
2025-05-12 14:18:00,0.00001421,0.00001421,0.00001421,0.00001421,0.00,1747059539999,0.00000000,0,0.00,0.00000000,0
2025-05-12 14:19:00,0.00001421,0.00001421,0.00001421,0.00001421,0.00,1747059599999,0.00000000,0,0.00,0.00000000,0
2025-05-12 14:20:00,0.00001421,0.00001421,0.00001421,0.00001421,0.00,1747059659999,0.00000000,0,0.00,0.00000000,0
2025-05-12 14:21:00,0.00001421,0.00001421,0.00001421,0.00001421,0.00,1747059719999,0.00000000,0,0.00,0.00000000,0
2025-05-12 14:22:00,0.00001421,0.00001421,0.00001421,0.00001421,0.00,1747059779999,0.00000000,0,0.00,0.00000000,0
2025-05-12 14:23:00,0.00001421,0.00001421,0.00001421,0.00001421,0.00,1747059839999,0.00000000,0,0.00,0.00000000,0
2025-05-12 14:24:00,0.00001421,0.00001421,0.00001421,0.00001421,0.00,1747059899999,0.00000000,0,0.00,0.00000000,0
2025-05-12 14:25:00,0.00001421,0.00001421,0.00001421,0.00001421,0.00,1747059959999,0.00000000,0,0.00,0.00000000,0
2025-05-12 14:26:00,0.00001411,0.00001411,0.00001411,0.00001411,212463.00,1747060019999,2.99785293,1,0.00,0.00000000,0
2025-05-12 14:27:00,0.00001411,0.00001411,0.00001411,0.00001411,43510.00,1747060079999,0.61392610,1,0.00,0.00000000,0
2025-05-12 14:28:00,0.00001397,0.00001397,0.00001397,0.00001397,214745.00,1747060139999,2.99998765,1,0.00,0.00000000,0
2025-05-12 14:29:00,0.00001397,0.00001397,0.00001397,0.00001397,0.00,1747060199999,0.00000000,0,0.00,0.00000000,0
2025-05-12 14:30:00,0.00001397,0.00001397,0.00001397,0.00001397,43793.00,1747060259999,0.61178821,1,0.00,0.00000000,0
2025-05-12 14:31:00,0.00001397,0.00001397,0.00001397,0.00001397,0.00,1747060319999,0.00000000,0,0.00,0.00000000,0
2025-05-12 14:32:00,0.00001397,0.00001397,0.00001397,0.00001397,0.00,1747060379999,0.00000000,0,0.00,0.00000000,0
2025-05-12 14:33:00,0.00001397,0.00001397,0.00001397,0.00001397,0.00,1747060439999,0.00000000,0,0.00,0.00000000,0
2025-05-12 14:34:00,0.00001397,0.00001397,0.00001397,0.00001397,0.00,1747060499999,0.00000000,0,0.00,0.00000000,0
2025-05-12 14:35:00,0.00001397,0.00001397,0.00001397,0.00001397,0.00,1747060559999,0.00000000,0,0.00,0.00000000,0
2025-05-12 14:36:00,0.00001397,0.00001397,0.00001397,0.00001397,0.00,1747060619999,0.00000000,0,0.00,0.00000000,0
2025-05-12 14:37:00,0.00001397,0.00001397,0.00001397,0.00001397,0.00,1747060679999,0.00000000,0,0.00,0.00000000,0
2025-05-12 14:38:00,0.00001397,0.00001397,0.00001397,0.00001397,0.00,1747060739999,0.00000000,0,0.00,0.00000000,0
2025-05-12 14:39:00,0.00001397,0.00001397,0.00001397,0.00001397,0.00,1747060799999,0.00000000,0,0.00,0.00000000,0
2025-05-12 14:40:00,0.00001397,0.00001397,0.00001397,0.00001397,0.00,1747060859999,0.00000000,0,0.00,0.00000000,0
2025-05-12 14:41:00,0.00001397,0.00001397,0.00001397,0.00001397,0.00,1747060919999,0.00000000,0,0.00,0.00000000,0
2025-05-12 14:42:00,0.00001397,0.00001397,0.00001397,0.00001397,0.00,1747060979999,0.00000000,0,0.00,0.00000000,0
2025-05-12 14:43:00,0.00001397,0.00001397,0.00001397,0.00001397,0.00,1747061039999,0.00000000,0,0.00,0.00000000,0
2025-05-12 14:44:00,0.00001397,0.00001397,0.00001397,0.00001397,0.00,1747061099999,0.00000000,0,0.00,0.00000000,0
2025-05-12 14:45:00,0.00001397,0.00001397,0.00001397,0.00001397,0.00,1747061159999,0.00000000,0,0.00,0.00000000,0
2025-05-12 14:46:00,0.00001397,0.00001397,0.00001397,0.00001397,0.00,1747061219999,0.00000000,0,0.00,0.00000000,0
2025-05-12 14:47:00,0.00001397,0.00001397,0.00001397,0.00001397,0.00,1747061279999,0.00000000,0,0.00,0.00000000,0
2025-05-12 14:48:00,0.00001397,0.00001397,0.00001397,0.00001397,0.00,1747061339999,0.00000000,0,0.00,0.00000000,0
2025-05-12 14:49:00,0.00001397,0.00001397,0.00001397,0.00001397,0.00,1747061399999,0.00000000,0,0.00,0.00000000,0
2025-05-12 14:50:00,0.00001397,0.00001397,0.00001397,0.00001397,0.00,1747061459999,0.00000000,0,0.00,0.00000000,0
2025-05-12 14:51:00,0.00001397,0.00001397,0.00001397,0.00001397,0.00,1747061519999,0.00000000,0,0.00,0.00000000,0
2025-05-12 14:52:00,0.00001397,0.00001397,0.00001397,0.00001397,0.00,1747061579999,0.00000000,0,0.00,0.00000000,0
2025-05-12 14:53:00,0.00001397,0.00001397,0.00001397,0.00001397,0.00,1747061639999,0.00000000,0,0.00,0.00000000,0
2025-05-12 14:54:00,0.00001397,0.00001397,0.00001397,0.00001397,0.00,1747061699999,0.00000000,0,0.00,0.00000000,0
2025-05-12 14:55:00,0.00001397,0.00001397,0.00001397,0.00001397,0.00,1747061759999,0.00000000,0,0.00,0.00000000,0
2025-05-12 14:56:00,0.00001397,0.00001397,0.00001397,0.00001397,0.00,1747061819999,0.00000000,0,0.00,0.00000000,0
2025-05-12 14:57:00,0.00001397,0.00001397,0.00001397,0.00001397,0.00,1747061879999,0.00000000,0,0.00,0.00000000,0
2025-05-12 14:58:00,0.00001397,0.00001397,0.00001397,0.00001397,0.00,1747061939999,0.00000000,0,0.00,0.00000000,0
2025-05-12 14:59:00,0.00001397,0.00001397,0.00001397,0.00001397,0.00,1747061999999,0.00000000,0,0.00,0.00000000,0
2025-05-12 15:00:00,0.00001397,0.00001397,0.00001397,0.00001397,0.00,1747062059999,0.00000000,0,0.00,0.00000000,0
2025-05-12 15:01:00,0.00001397,0.00001397,0.00001397,0.00001397,0.00,1747062119999,0.00000000,0,0.00,0.00000000,0
2025-05-12 15:02:00,0.00001397,0.00001397,0.00001397,0.00001397,0.00,1747062179999,0.00000000,0,0.00,0.00000000,0
2025-05-12 15:03:00,0.00001397,0.00001397,0.00001397,0.00001397,0.00,1747062239999,0.00000000,0,0.00,0.00000000,0
2025-05-12 15:04:00,0.00001383,0.00001383,0.00001383,0.00001383,261156.00,1747062299999,3.61178748,2,0.00,0.00000000,0
2025-05-12 15:05:00,0.00001383,0.00001383,0.00001383,0.00001383,0.00,1747062359999,0.00000000,0,0.00,0.00000000,0
2025-05-12 15:06:00,0.00001383,0.00001383,0.00001383,0.00001383,0.00,1747062419999,0.00000000,0,0.00,0.00000000,0
2025-05-12 15:07:00,0.00001383,0.00001383,0.00001383,0.00001383,0.00,1747062479999,0.00000000,0,0.00,0.00000000,0
2025-05-12 15:08:00,0.00001383,0.00001383,0.00001383,0.00001383,0.00,1747062539999,0.00000000,0,0.00,0.00000000,0
2025-05-12 15:09:00,0.00001383,0.00001383,0.00001383,0.00001383,0.00,1747062599999,0.00000000,0,0.00,0.00000000,0
2025-05-12 15:10:00,0.00001383,0.00001383,0.00001383,0.00001383,0.00,1747062659999,0.00000000,0,0.00,0.00000000,0
2025-05-12 15:11:00,0.00001383,0.00001383,0.00001383,0.00001383,0.00,1747062719999,0.00000000,0,0.00,0.00000000,0
2025-05-12 15:12:00,0.00001383,0.00001383,0.00001383,0.00001383,0.00,1747062779999,0.00000000,0,0.00,0.00000000,0
2025-05-12 15:13:00,0.00001383,0.00001383,0.00001383,0.00001383,0.00,1747062839999,0.00000000,0,0.00,0.00000000,0
2025-05-12 15:14:00,0.00001383,0.00001383,0.00001383,0.00001383,0.00,1747062899999,0.00000000,0,0.00,0.00000000,0
2025-05-12 15:15:00,0.00001383,0.00001383,0.00001383,0.00001383,0.00,1747062959999,0.00000000,0,0.00,0.00000000,0
2025-05-12 15:16:00,0.00001383,0.00001383,0.00001383,0.00001383,0.00,1747063019999,0.00000000,0,0.00,0.00000000,0
2025-05-12 15:17:00,0.00001383,0.00001383,0.00001383,0.00001383,0.00,1747063079999,0.00000000,0,0.00,0.00000000,0
2025-05-12 15:18:00,0.00001383,0.00001383,0.00001383,0.00001383,0.00,1747063139999,0.00000000,0,0.00,0.00000000,0
2025-05-12 15:19:00,0.00001383,0.00001383,0.00001383,0.00001383,0.00,1747063199999,0.00000000,0,0.00,0.00000000,0
2025-05-12 15:20:00,0.00001383,0.00001383,0.00001383,0.00001383,0.00,1747063259999,0.00000000,0,0.00,0.00000000,0
2025-05-12 15:21:00,0.00001383,0.00001383,0.00001383,0.00001383,0.00,1747063319999,0.00000000,0,0.00,0.00000000,0
2025-05-12 15:22:00,0.00001383,0.00001383,0.00001383,0.00001383,0.00,1747063379999,0.00000000,0,0.00,0.00000000,0
2025-05-12 15:23:00,0.00001383,0.00001383,0.00001383,0.00001383,0.00,1747063439999,0.00000000,0,0.00,0.00000000,0
2025-05-12 15:24:00,0.00001383,0.00001383,0.00001383,0.00001383,0.00,1747063499999,0.00000000,0,0.00,0.00000000,0
2025-05-12 15:25:00,0.00001383,0.00001383,0.00001383,0.00001383,0.00,1747063559999,0.00000000,0,0.00,0.00000000,0
2025-05-12 15:26:00,0.00001383,0.00001383,0.00001383,0.00001383,0.00,1747063619999,0.00000000,0,0.00,0.00000000,0
2025-05-12 15:27:00,0.00001383,0.00001383,0.00001383,0.00001383,0.00,1747063679999,0.00000000,0,0.00,0.00000000,0
2025-05-12 15:28:00,0.00001383,0.00001383,0.00001383,0.00001383,0.00,1747063739999,0.00000000,0,0.00,0.00000000,0
2025-05-12 15:29:00,0.00001383,0.00001383,0.00001383,0.00001383,0.00,1747063799999,0.00000000,0,0.00,0.00000000,0
2025-05-12 15:30:00,0.00001383,0.00001383,0.00001383,0.00001383,0.00,1747063859999,0.00000000,0,0.00,0.00000000,0
2025-05-12 15:31:00,0.00001383,0.00001383,0.00001383,0.00001383,0.00,1747063919999,0.00000000,0,0.00,0.00000000,0
2025-05-12 15:32:00,0.00001383,0.00001383,0.00001383,0.00001383,0.00,1747063979999,0.00000000,0,0.00,0.00000000,0
2025-05-12 15:33:00,0.00001383,0.00001383,0.00001383,0.00001383,0.00,1747064039999,0.00000000,0,0.00,0.00000000,0
2025-05-12 15:34:00,0.00001383,0.00001383,0.00001383,0.00001383,0.00,1747064099999,0.00000000,0,0.00,0.00000000,0
2025-05-12 15:35:00,0.00001383,0.00001383,0.00001383,0.00001383,0.00,1747064159999,0.00000000,0,0.00,0.00000000,0
2025-05-12 15:36:00,0.00001383,0.00001383,0.00001383,0.00001383,0.00,1747064219999,0.00000000,0,0.00,0.00000000,0
2025-05-12 15:37:00,0.00001383,0.00001383,0.00001383,0.00001383,0.00,1747064279999,0.00000000,0,0.00,0.00000000,0
2025-05-12 15:38:00,0.00001383,0.00001383,0.00001383,0.00001383,0.00,1747064339999,0.00000000,0,0.00,0.00000000,0
2025-05-12 15:39:00,0.00001383,0.00001383,0.00001383,0.00001383,0.00,1747064399999,0.00000000,0,0.00,0.00000000,0
2025-05-12 15:40:00,0.00001383,0.00001383,0.00001383,0.00001383,0.00,1747064459999,0.00000000,0,0.00,0.00000000,0
2025-05-12 15:41:00,0.00001383,0.00001383,0.00001383,0.00001383,0.00,1747064519999,0.00000000,0,0.00,0.00000000,0
2025-05-12 15:42:00,0.00001383,0.00001383,0.00001383,0.00001383,0.00,1747064579999,0.00000000,0,0.00,0.00000000,0
2025-05-12 15:43:00,0.00001383,0.00001383,0.00001383,0.00001383,0.00,1747064639999,0.00000000,0,0.00,0.00000000,0
2025-05-12 15:44:00,0.00001383,0.00001383,0.00001383,0.00001383,0.00,1747064699999,0.00000000,0,0.00,0.00000000,0
2025-05-12 15:45:00,0.00001383,0.00001383,0.00001383,0.00001383,0.00,1747064759999,0.00000000,0,0.00,0.00000000,0
2025-05-12 15:46:00,0.00001383,0.00001383,0.00001383,0.00001383,0.00,1747064819999,0.00000000,0,0.00,0.00000000,0
2025-05-12 15:47:00,0.00001383,0.00001383,0.00001383,0.00001383,0.00,1747064879999,0.00000000,0,0.00,0.00000000,0
2025-05-12 15:48:00,0.00001383,0.00001383,0.00001383,0.00001383,0.00,1747064939999,0.00000000,0,0.00,0.00000000,0
2025-05-12 15:49:00,0.00001383,0.00001383,0.00001383,0.00001383,0.00,1747064999999,0.00000000,0,0.00,0.00000000,0
2025-05-12 15:50:00,0.00001383,0.00001383,0.00001383,0.00001383,0.00,1747065059999,0.00000000,0,0.00,0.00000000,0
2025-05-12 15:51:00,0.00001383,0.00001383,0.00001383,0.00001383,0.00,1747065119999,0.00000000,0,0.00,0.00000000,0
2025-05-12 15:52:00,0.00001383,0.00001383,0.00001383,0.00001383,0.00,1747065179999,0.00000000,0,0.00,0.00000000,0
2025-05-12 15:53:00,0.00001383,0.00001383,0.00001383,0.00001383,0.00,1747065239999,0.00000000,0,0.00,0.00000000,0
2025-05-12 15:54:00,0.00001383,0.00001383,0.00001383,0.00001383,0.00,1747065299999,0.00000000,0,0.00,0.00000000,0
2025-05-12 15:55:00,0.00001383,0.00001383,0.00001383,0.00001383,0.00,1747065359999,0.00000000,0,0.00,0.00000000,0
2025-05-12 15:56:00,0.00001383,0.00001383,0.00001383,0.00001383,0.00,1747065419999,0.00000000,0,0.00,0.00000000,0
2025-05-12 15:57:00,0.00001383,0.00001383,0.00001383,0.00001383,0.00,1747065479999,0.00000000,0,0.00,0.00000000,0
2025-05-12 15:58:00,0.00001383,0.00001383,0.00001383,0.00001383,0.00,1747065539999,0.00000000,0,0.00,0.00000000,0
2025-05-12 15:59:00,0.00001383,0.00001383,0.00001383,0.00001383,0.00,1747065599999,0.00000000,0,0.00,0.00000000,0
2025-05-12 16:00:00,0.00001383,0.00001383,0.00001383,0.00001383,0.00,1747065659999,0.00000000,0,0.00,0.00000000,0
2025-05-12 16:01:00,0.00001383,0.00001383,0.00001383,0.00001383,0.00,1747065719999,0.00000000,0,0.00,0.00000000,0
2025-05-12 16:02:00,0.00001383,0.00001383,0.00001383,0.00001383,0.00,1747065779999,0.00000000,0,0.00,0.00000000,0
2025-05-12 16:03:00,0.00001383,0.00001383,0.00001383,0.00001383,0.00,1747065839999,0.00000000,0,0.00,0.00000000,0
2025-05-12 16:04:00,0.00001383,0.00001383,0.00001383,0.00001383,0.00,1747065899999,0.00000000,0,0.00,0.00000000,0
2025-05-12 16:05:00,0.00001383,0.00001383,0.00001383,0.00001383,0.00,1747065959999,0.00000000,0,0.00,0.00000000,0
2025-05-12 16:06:00,0.00001383,0.00001383,0.00001383,0.00001383,0.00,1747066019999,0.00000000,0,0.00,0.00000000,0
2025-05-12 16:07:00,0.00001383,0.00001383,0.00001383,0.00001383,0.00,1747066079999,0.00000000,0,0.00,0.00000000,0
2025-05-12 16:08:00,0.00001383,0.00001383,0.00001383,0.00001383,0.00,1747066139999,0.00000000,0,0.00,0.00000000,0
2025-05-12 16:09:00,0.00001383,0.00001383,0.00001383,0.00001383,0.00,1747066199999,0.00000000,0,0.00,0.00000000,0
2025-05-12 16:10:00,0.00001383,0.00001383,0.00001383,0.00001383,0.00,1747066259999,0.00000000,0,0.00,0.00000000,0
2025-05-12 16:11:00,0.00001383,0.00001383,0.00001383,0.00001383,0.00,1747066319999,0.00000000,0,0.00,0.00000000,0
2025-05-12 16:12:00,0.00001383,0.00001383,0.00001383,0.00001383,0.00,1747066379999,0.00000000,0,0.00,0.00000000,0
2025-05-12 16:13:00,0.00001383,0.00001383,0.00001383,0.00001383,0.00,1747066439999,0.00000000,0,0.00,0.00000000,0
2025-05-12 16:14:00,0.00001383,0.00001383,0.00001383,0.00001383,0.00,1747066499999,0.00000000,0,0.00,0.00000000,0
2025-05-12 16:15:00,0.00001383,0.00001383,0.00001383,0.00001383,0.00,1747066559999,0.00000000,0,0.00,0.00000000,0
2025-05-12 16:16:00,0.00001383,0.00001383,0.00001383,0.00001383,0.00,1747066619999,0.00000000,0,0.00,0.00000000,0
2025-05-12 16:17:00,0.00001383,0.00001383,0.00001383,0.00001383,0.00,1747066679999,0.00000000,0,0.00,0.00000000,0
2025-05-12 16:18:00,0.00001383,0.00001383,0.00001383,0.00001383,0.00,1747066739999,0.00000000,0,0.00,0.00000000,0
2025-05-12 16:19:00,0.00001383,0.00001383,0.00001383,0.00001383,0.00,1747066799999,0.00000000,0,0.00,0.00000000,0
2025-05-12 16:20:00,0.00001383,0.00001383,0.00001383,0.00001383,0.00,1747066859999,0.00000000,0,0.00,0.00000000,0
2025-05-12 16:21:00,0.00001383,0.00001383,0.00001383,0.00001383,0.00,1747066919999,0.00000000,0,0.00,0.00000000,0
2025-05-12 16:22:00,0.00001383,0.00001383,0.00001383,0.00001383,0.00,1747066979999,0.00000000,0,0.00,0.00000000,0
2025-05-12 16:23:00,0.00001383,0.00001383,0.00001383,0.00001383,0.00,1747067039999,0.00000000,0,0.00,0.00000000,0
2025-05-12 16:24:00,0.00001383,0.00001383,0.00001383,0.00001383,0.00,1747067099999,0.00000000,0,0.00,0.00000000,0
2025-05-12 16:25:00,0.00001383,0.00001383,0.00001383,0.00001383,0.00,1747067159999,0.00000000,0,0.00,0.00000000,0
2025-05-12 16:26:00,0.00001383,0.00001383,0.00001383,0.00001383,0.00,1747067219999,0.00000000,0,0.00,0.00000000,0
2025-05-12 16:27:00,0.00001383,0.00001383,0.00001383,0.00001383,0.00,1747067279999,0.00000000,0,0.00,0.00000000,0
2025-05-12 16:28:00,0.00001383,0.00001383,0.00001383,0.00001383,0.00,1747067339999,0.00000000,0,0.00,0.00000000,0
2025-05-12 16:29:00,0.00001383,0.00001383,0.00001383,0.00001383,0.00,1747067399999,0.00000000,0,0.00,0.00000000,0
2025-05-12 16:30:00,0.00001383,0.00001383,0.00001383,0.00001383,0.00,1747067459999,0.00000000,0,0.00,0.00000000,0
2025-05-12 16:31:00,0.00001383,0.00001383,0.00001383,0.00001383,0.00,1747067519999,0.00000000,0,0.00,0.00000000,0
2025-05-12 16:32:00,0.00001383,0.00001383,0.00001383,0.00001383,0.00,1747067579999,0.00000000,0,0.00,0.00000000,0
2025-05-12 16:33:00,0.00001383,0.00001383,0.00001383,0.00001383,0.00,1747067639999,0.00000000,0,0.00,0.00000000,0
2025-05-12 16:34:00,0.00001383,0.00001383,0.00001383,0.00001383,0.00,1747067699999,0.00000000,0,0.00,0.00000000,0
2025-05-12 16:35:00,0.00001383,0.00001383,0.00001383,0.00001383,0.00,1747067759999,0.00000000,0,0.00,0.00000000,0
2025-05-12 16:36:00,0.00001383,0.00001383,0.00001383,0.00001383,0.00,1747067819999,0.00000000,0,0.00,0.00000000,0
2025-05-12 16:37:00,0.00001383,0.00001383,0.00001383,0.00001383,0.00,1747067879999,0.00000000,0,0.00,0.00000000,0
2025-05-12 16:38:00,0.00001383,0.00001383,0.00001383,0.00001383,0.00,1747067939999,0.00000000,0,0.00,0.00000000,0
2025-05-12 16:39:00,0.00001383,0.00001383,0.00001383,0.00001383,0.00,1747067999999,0.00000000,0,0.00,0.00000000,0
2025-05-12 16:40:00,0.00001383,0.00001383,0.00001383,0.00001383,0.00,1747068059999,0.00000000,0,0.00,0.00000000,0
2025-05-12 16:41:00,0.00001383,0.00001383,0.00001383,0.00001383,0.00,1747068119999,0.00000000,0,0.00,0.00000000,0
2025-05-12 16:42:00,0.00001383,0.00001383,0.00001383,0.00001383,0.00,1747068179999,0.00000000,0,0.00,0.00000000,0
2025-05-12 16:43:00,0.00001383,0.00001383,0.00001383,0.00001383,0.00,1747068239999,0.00000000,0,0.00,0.00000000,0
2025-05-12 16:44:00,0.00001383,0.00001383,0.00001383,0.00001383,0.00,1747068299999,0.00000000,0,0.00,0.00000000,0
2025-05-12 16:45:00,0.00001383,0.00001383,0.00001383,0.00001383,0.00,1747068359999,0.00000000,0,0.00,0.00000000,0
2025-05-12 16:46:00,0.00001383,0.00001383,0.00001383,0.00001383,0.00,1747068419999,0.00000000,0,0.00,0.00000000,0
2025-05-12 16:47:00,0.00001383,0.00001383,0.00001383,0.00001383,0.00,1747068479999,0.00000000,0,0.00,0.00000000,0
2025-05-12 16:48:00,0.00001383,0.00001383,0.00001383,0.00001383,0.00,1747068539999,0.00000000,0,0.00,0.00000000,0
2025-05-12 16:49:00,0.00001383,0.00001383,0.00001383,0.00001383,0.00,1747068599999,0.00000000,0,0.00,0.00000000,0
2025-05-12 16:50:00,0.00001383,0.00001383,0.00001383,0.00001383,0.00,1747068659999,0.00000000,0,0.00,0.00000000,0
2025-05-12 16:51:00,0.00001383,0.00001383,0.00001383,0.00001383,0.00,1747068719999,0.00000000,0,0.00,0.00000000,0
2025-05-12 16:52:00,0.00001383,0.00001383,0.00001383,0.00001383,0.00,1747068779999,0.00000000,0,0.00,0.00000000,0
2025-05-12 16:53:00,0.00001383,0.00001383,0.00001383,0.00001383,0.00,1747068839999,0.00000000,0,0.00,0.00000000,0
2025-05-12 16:54:00,0.00001383,0.00001383,0.00001383,0.00001383,0.00,1747068899999,0.00000000,0,0.00,0.00000000,0
2025-05-12 16:55:00,0.00001383,0.00001383,0.00001383,0.00001383,0.00,1747068959999,0.00000000,0,0.00,0.00000000,0
2025-05-12 16:56:00,0.00001383,0.00001383,0.00001383,0.00001383,0.00,1747069019999,0.00000000,0,0.00,0.00000000,0
2025-05-12 16:57:00,0.00001383,0.00001383,0.00001383,0.00001383,0.00,1747069079999,0.00000000,0,0.00,0.00000000,0
2025-05-12 16:58:00,0.00001383,0.00001383,0.00001383,0.00001383,0.00,1747069139999,0.00000000,0,0.00,0.00000000,0
2025-05-12 16:59:00,0.00001383,0.00001383,0.00001383,0.00001383,0.00,1747069199999,0.00000000,0,0.00,0.00000000,0
2025-05-12 17:00:00,0.00001383,0.00001383,0.00001383,0.00001383,0.00,1747069259999,0.00000000,0,0.00,0.00000000,0
2025-05-12 17:01:00,0.00001383,0.00001383,0.00001383,0.00001383,0.00,1747069319999,0.00000000,0,0.00,0.00000000,0
2025-05-12 17:02:00,0.00001383,0.00001383,0.00001383,0.00001383,0.00,1747069379999,0.00000000,0,0.00,0.00000000,0
2025-05-12 17:03:00,0.00001383,0.00001383,0.00001383,0.00001383,0.00,1747069439999,0.00000000,0,0.00,0.00000000,0
2025-05-12 17:04:00,0.00001383,0.00001383,0.00001383,0.00001383,0.00,1747069499999,0.00000000,0,0.00,0.00000000,0
2025-05-12 17:05:00,0.00001383,0.00001383,0.00001383,0.00001383,0.00,1747069559999,0.00000000,0,0.00,0.00000000,0
2025-05-12 17:06:00,0.00001383,0.00001383,0.00001383,0.00001383,0.00,1747069619999,0.00000000,0,0.00,0.00000000,0
2025-05-12 17:07:00,0.00001383,0.00001383,0.00001383,0.00001383,0.00,1747069679999,0.00000000,0,0.00,0.00000000,0
2025-05-12 17:08:00,0.00001383,0.00001383,0.00001383,0.00001383,0.00,1747069739999,0.00000000,0,0.00,0.00000000,0
2025-05-12 17:09:00,0.00001383,0.00001383,0.00001383,0.00001383,0.00,1747069799999,0.00000000,0,0.00,0.00000000,0
2025-05-12 17:10:00,0.00001383,0.00001383,0.00001383,0.00001383,0.00,1747069859999,0.00000000,0,0.00,0.00000000,0
2025-05-12 17:11:00,0.00001383,0.00001383,0.00001383,0.00001383,0.00,1747069919999,0.00000000,0,0.00,0.00000000,0
2025-05-12 17:12:00,0.00001383,0.00001383,0.00001383,0.00001383,0.00,1747069979999,0.00000000,0,0.00,0.00000000,0
2025-05-12 17:13:00,0.00001383,0.00001383,0.00001383,0.00001383,0.00,1747070039999,0.00000000,0,0.00,0.00000000,0
2025-05-12 17:14:00,0.00001383,0.00001383,0.00001383,0.00001383,0.00,1747070099999,0.00000000,0,0.00,0.00000000,0
2025-05-12 17:15:00,0.00001383,0.00001383,0.00001383,0.00001383,0.00,1747070159999,0.00000000,0,0.00,0.00000000,0
2025-05-12 17:16:00,0.00001383,0.00001383,0.00001383,0.00001383,0.00,1747070219999,0.00000000,0,0.00,0.00000000,0
2025-05-12 17:17:00,0.00001383,0.00001383,0.00001383,0.00001383,0.00,1747070279999,0.00000000,0,0.00,0.00000000,0
2025-05-12 17:18:00,0.00001383,0.00001383,0.00001383,0.00001383,0.00,1747070339999,0.00000000,0,0.00,0.00000000,0
2025-05-12 17:19:00,0.00001383,0.00001383,0.00001383,0.00001383,0.00,1747070399999,0.00000000,0,0.00,0.00000000,0
2025-05-12 17:20:00,0.00001383,0.00001383,0.00001383,0.00001383,0.00,1747070459999,0.00000000,0,0.00,0.00000000,0
2025-05-12 17:21:00,0.00001383,0.00001383,0.00001383,0.00001383,0.00,1747070519999,0.00000000,0,0.00,0.00000000,0
2025-05-12 17:22:00,0.00001383,0.00001383,0.00001383,0.00001383,0.00,1747070579999,0.00000000,0,0.00,0.00000000,0
2025-05-12 17:23:00,0.00001383,0.00001383,0.00001383,0.00001383,0.00,1747070639999,0.00000000,0,0.00,0.00000000,0
2025-05-12 17:24:00,0.00001383,0.00001383,0.00001383,0.00001383,0.00,1747070699999,0.00000000,0,0.00,0.00000000,0
2025-05-12 17:25:00,0.00001383,0.00001383,0.00001383,0.00001383,0.00,1747070759999,0.00000000,0,0.00,0.00000000,0
2025-05-12 17:26:00,0.00001383,0.00001383,0.00001383,0.00001383,0.00,1747070819999,0.00000000,0,0.00,0.00000000,0
2025-05-12 17:27:00,0.00001383,0.00001383,0.00001383,0.00001383,0.00,1747070879999,0.00000000,0,0.00,0.00000000,0
2025-05-12 17:28:00,0.00001383,0.00001383,0.00001383,0.00001383,0.00,1747070939999,0.00000000,0,0.00,0.00000000,0
2025-05-12 17:29:00,0.00001383,0.00001383,0.00001383,0.00001383,0.00,1747070999999,0.00000000,0,0.00,0.00000000,0
2025-05-12 17:30:00,0.00001383,0.00001383,0.00001383,0.00001383,0.00,1747071059999,0.00000000,0,0.00,0.00000000,0
2025-05-12 17:31:00,0.00001383,0.00001383,0.00001383,0.00001383,0.00,1747071119999,0.00000000,0,0.00,0.00000000,0
2025-05-12 17:32:00,0.00001383,0.00001383,0.00001383,0.00001383,0.00,1747071179999,0.00000000,0,0.00,0.00000000,0
2025-05-12 17:33:00,0.00001383,0.00001383,0.00001383,0.00001383,0.00,1747071239999,0.00000000,0,0.00,0.00000000,0
2025-05-12 17:34:00,0.00001383,0.00001383,0.00001383,0.00001383,0.00,1747071299999,0.00000000,0,0.00,0.00000000,0
2025-05-12 17:35:00,0.00001383,0.00001383,0.00001383,0.00001383,0.00,1747071359999,0.00000000,0,0.00,0.00000000,0
2025-05-12 17:36:00,0.00001383,0.00001383,0.00001383,0.00001383,0.00,1747071419999,0.00000000,0,0.00,0.00000000,0
2025-05-12 17:37:00,0.00001383,0.00001383,0.00001383,0.00001383,0.00,1747071479999,0.00000000,0,0.00,0.00000000,0
2025-05-12 17:38:00,0.00001383,0.00001383,0.00001383,0.00001383,0.00,1747071539999,0.00000000,0,0.00,0.00000000,0
2025-05-12 17:39:00,0.00001383,0.00001383,0.00001383,0.00001383,0.00,1747071599999,0.00000000,0,0.00,0.00000000,0
2025-05-12 17:40:00,0.00001383,0.00001383,0.00001383,0.00001383,0.00,1747071659999,0.00000000,0,0.00,0.00000000,0
2025-05-12 17:41:00,0.00001369,0.00001369,0.00001369,0.00001369,219138.00,1747071719999,2.99999922,1,0.00,0.00000000,0
2025-05-12 17:42:00,0.00001369,0.00001369,0.00001369,0.00001369,0.00,1747071779999,0.00000000,0,0.00,0.00000000,0
2025-05-12 17:43:00,0.00001369,0.00001369,0.00001369,0.00001369,0.00,1747071839999,0.00000000,0,0.00,0.00000000,0
2025-05-12 17:44:00,0.00001369,0.00001369,0.00001369,0.00001369,44688.00,1747071899999,0.61177872,1,0.00,0.00000000,0
2025-05-12 17:45:00,0.00001369,0.00001369,0.00001369,0.00001369,0.00,1747071959999,0.00000000,0,0.00,0.00000000,0
2025-05-12 17:46:00,0.00001369,0.00001369,0.00001369,0.00001369,0.00,1747072019999,0.00000000,0,0.00,0.00000000,0
2025-05-12 17:47:00,0.00001369,0.00001369,0.00001369,0.00001369,0.00,1747072079999,0.00000000,0,0.00,0.00000000,0
2025-05-12 17:48:00,0.00001369,0.00001369,0.00001369,0.00001369,0.00,1747072139999,0.00000000,0,0.00,0.00000000,0
2025-05-12 17:49:00,0.00001369,0.00001369,0.00001369,0.00001369,0.00,1747072199999,0.00000000,0,0.00,0.00000000,0
2025-05-12 17:50:00,0.00001369,0.00001369,0.00001369,0.00001369,0.00,1747072259999,0.00000000,0,0.00,0.00000000,0
2025-05-12 17:51:00,0.00001369,0.00001369,0.00001369,0.00001369,0.00,1747072319999,0.00000000,0,0.00,0.00000000,0
2025-05-12 17:52:00,0.00001369,0.00001369,0.00001369,0.00001369,0.00,1747072379999,0.00000000,0,0.00,0.00000000,0
2025-05-12 17:53:00,0.00001369,0.00001369,0.00001369,0.00001369,0.00,1747072439999,0.00000000,0,0.00,0.00000000,0
2025-05-12 17:54:00,0.00001369,0.00001369,0.00001369,0.00001369,0.00,1747072499999,0.00000000,0,0.00,0.00000000,0
2025-05-12 17:55:00,0.00001369,0.00001369,0.00001369,0.00001369,0.00,1747072559999,0.00000000,0,0.00,0.00000000,0
2025-05-12 17:56:00,0.00001369,0.00001369,0.00001369,0.00001369,0.00,1747072619999,0.00000000,0,0.00,0.00000000,0
2025-05-12 17:57:00,0.00001369,0.00001369,0.00001369,0.00001369,0.00,1747072679999,0.00000000,0,0.00,0.00000000,0
2025-05-12 17:58:00,0.00001369,0.00001369,0.00001369,0.00001369,0.00,1747072739999,0.00000000,0,0.00,0.00000000,0
2025-05-12 17:59:00,0.00001369,0.00001369,0.00001369,0.00001369,0.00,1747072799999,0.00000000,0,0.00,0.00000000,0
2025-05-12 18:00:00,0.00001369,0.00001369,0.00001369,0.00001369,0.00,1747072859999,0.00000000,0,0.00,0.00000000,0
2025-05-12 18:01:00,0.00001369,0.00001369,0.00001369,0.00001369,0.00,1747072919999,0.00000000,0,0.00,0.00000000,0
2025-05-12 18:02:00,0.00001369,0.00001369,0.00001369,0.00001369,0.00,1747072979999,0.00000000,0,0.00,0.00000000,0
2025-05-12 18:03:00,0.00001369,0.00001369,0.00001369,0.00001369,0.00,1747073039999,0.00000000,0,0.00,0.00000000,0
2025-05-12 18:04:00,0.00001369,0.00001369,0.00001369,0.00001369,0.00,1747073099999,0.00000000,0,0.00,0.00000000,0
2025-05-12 18:05:00,0.00001369,0.00001369,0.00001369,0.00001369,0.00,1747073159999,0.00000000,0,0.00,0.00000000,0
2025-05-12 18:06:00,0.00001369,0.00001369,0.00001369,0.00001369,0.00,1747073219999,0.00000000,0,0.00,0.00000000,0
2025-05-12 18:07:00,0.00001341,0.00001341,0.00001341,0.00001341,269335.00,1747073279999,3.61178235,2,0.00,0.00000000,0
2025-05-12 18:08:00,0.00001341,0.00001341,0.00001341,0.00001341,0.00,1747073339999,0.00000000,0,0.00,0.00000000,0
2025-05-12 18:09:00,0.00001341,0.00001341,0.00001341,0.00001341,0.00,1747073399999,0.00000000,0,0.00,0.00000000,0
2025-05-12 18:10:00,0.00001341,0.00001341,0.00001341,0.00001341,0.00,1747073459999,0.00000000,0,0.00,0.00000000,0
2025-05-12 18:11:00,0.00001341,0.00001341,0.00001341,0.00001341,0.00,1747073519999,0.00000000,0,0.00,0.00000000,0
2025-05-12 18:12:00,0.00001341,0.00001341,0.00001341,0.00001341,0.00,1747073579999,0.00000000,0,0.00,0.00000000,0
2025-05-12 18:13:00,0.00001329,0.00001329,0.00001327,0.00001327,1578929.00,1747073639999,20.97944153,2,0.00,0.00000000,0
2025-05-12 18:14:00,0.00001327,0.00001327,0.00001327,0.00001327,0.00,1747073699999,0.00000000,0,0.00,0.00000000,0
2025-05-12 18:15:00,0.00001327,0.00001327,0.00001327,0.00001327,0.00,1747073759999,0.00000000,0,0.00,0.00000000,0
2025-05-12 18:16:00,0.00001327,0.00001327,0.00001327,0.00001327,0.00,1747073819999,0.00000000,0,0.00,0.00000000,0
2025-05-12 18:17:00,0.00001327,0.00001327,0.00001327,0.00001327,0.00,1747073879999,0.00000000,0,0.00,0.00000000,0
2025-05-12 18:18:00,0.00001327,0.00001327,0.00001327,0.00001327,0.00,1747073939999,0.00000000,0,0.00,0.00000000,0
2025-05-12 18:19:00,0.00001327,0.00001327,0.00001327,0.00001327,0.00,1747073999999,0.00000000,0,0.00,0.00000000,0
2025-05-12 18:20:00,0.00001327,0.00001327,0.00001327,0.00001327,0.00,1747074059999,0.00000000,0,0.00,0.00000000,0
2025-05-12 18:21:00,0.00001327,0.00001327,0.00001327,0.00001327,0.00,1747074119999,0.00000000,0,0.00,0.00000000,0
2025-05-12 18:22:00,0.00001327,0.00001327,0.00001327,0.00001327,0.00,1747074179999,0.00000000,0,0.00,0.00000000,0
2025-05-12 18:23:00,0.00001327,0.00001327,0.00001327,0.00001327,0.00,1747074239999,0.00000000,0,0.00,0.00000000,0
2025-05-12 18:24:00,0.00001327,0.00001327,0.00001327,0.00001327,0.00,1747074299999,0.00000000,0,0.00,0.00000000,0
2025-05-12 18:25:00,0.00001327,0.00001327,0.00001327,0.00001327,0.00,1747074359999,0.00000000,0,0.00,0.00000000,0
2025-05-12 18:26:00,0.00001327,0.00001327,0.00001327,0.00001327,0.00,1747074419999,0.00000000,0,0.00,0.00000000,0
2025-05-12 18:27:00,0.00001327,0.00001327,0.00001327,0.00001327,45932.00,1747074479999,0.60951764,1,0.00,0.00000000,0
2025-05-12 18:28:00,0.00001327,0.00001327,0.00001327,0.00001327,0.00,1747074539999,0.00000000,0,0.00,0.00000000,0
2025-05-12 18:29:00,0.00001327,0.00001327,0.00001327,0.00001327,0.00,1747074599999,0.00000000,0,0.00,0.00000000,0
2025-05-12 18:30:00,0.00001327,0.00001327,0.00001327,0.00001327,0.00,1747074659999,0.00000000,0,0.00,0.00000000,0
2025-05-12 18:31:00,0.00001327,0.00001327,0.00001327,0.00001327,0.00,1747074719999,0.00000000,0,0.00,0.00000000,0
2025-05-12 18:32:00,0.00001327,0.00001327,0.00001327,0.00001327,0.00,1747074779999,0.00000000,0,0.00,0.00000000,0
2025-05-12 18:33:00,0.00001327,0.00001327,0.00001327,0.00001327,0.00,1747074839999,0.00000000,0,0.00,0.00000000,0
2025-05-12 18:34:00,0.00001327,0.00001327,0.00001327,0.00001327,0.00,1747074899999,0.00000000,0,0.00,0.00000000,0
2025-05-12 18:35:00,0.00001327,0.00001327,0.00001327,0.00001327,0.00,1747074959999,0.00000000,0,0.00,0.00000000,0
2025-05-12 18:36:00,0.00001327,0.00001327,0.00001327,0.00001327,0.00,1747075019999,0.00000000,0,0.00,0.00000000,0
2025-05-12 18:37:00,0.00001327,0.00001327,0.00001327,0.00001327,0.00,1747075079999,0.00000000,0,0.00,0.00000000,0
2025-05-12 18:38:00,0.00001327,0.00001327,0.00001327,0.00001327,0.00,1747075139999,0.00000000,0,0.00,0.00000000,0
2025-05-12 18:39:00,0.00001327,0.00001327,0.00001327,0.00001327,0.00,1747075199999,0.00000000,0,0.00,0.00000000,0
2025-05-12 18:40:00,0.00001327,0.00001327,0.00001327,0.00001327,0.00,1747075259999,0.00000000,0,0.00,0.00000000,0
2025-05-12 18:41:00,0.00001327,0.00001327,0.00001327,0.00001327,0.00,1747075319999,0.00000000,0,0.00,0.00000000,0
2025-05-12 18:42:00,0.00001327,0.00001327,0.00001327,0.00001327,0.00,1747075379999,0.00000000,0,0.00,0.00000000,0
2025-05-12 18:43:00,0.00001327,0.00001327,0.00001327,0.00001327,0.00,1747075439999,0.00000000,0,0.00,0.00000000,0
2025-05-12 18:44:00,0.00001327,0.00001327,0.00001327,0.00001327,0.00,1747075499999,0.00000000,0,0.00,0.00000000,0
2025-05-12 18:45:00,0.00001327,0.00001327,0.00001327,0.00001327,0.00,1747075559999,0.00000000,0,0.00,0.00000000,0
2025-05-12 18:46:00,0.00001327,0.00001327,0.00001327,0.00001327,0.00,1747075619999,0.00000000,0,0.00,0.00000000,0
2025-05-12 18:47:00,0.00001301,0.00001301,0.00001301,0.00001301,48434.00,1747075679999,0.63012634,1,0.00,0.00000000,0
2025-05-12 18:48:00,0.00001288,0.00001288,0.00001288,0.00001288,233100.00,1747075739999,3.00232800,1,0.00,0.00000000,0
2025-05-12 18:49:00,0.00001288,0.00001288,0.00001281,0.00001281,906693.00,1747075799999,11.61804959,2,0.00,0.00000000,0
2025-05-12 18:50:00,0.00001281,0.00001281,0.00001281,0.00001281,0.00,1747075859999,0.00000000,0,0.00,0.00000000,0
2025-05-12 18:51:00,0.00001281,0.00001281,0.00001281,0.00001281,0.00,1747075919999,0.00000000,0,0.00,0.00000000,0
2025-05-12 18:52:00,0.00001281,0.00001281,0.00001281,0.00001281,0.00,1747075979999,0.00000000,0,0.00,0.00000000,0
2025-05-12 18:53:00,0.00001281,0.00001281,0.00001281,0.00001281,0.00,1747076039999,0.00000000,0,0.00,0.00000000,0
2025-05-12 18:54:00,0.00001281,0.00001281,0.00001281,0.00001281,0.00,1747076099999,0.00000000,0,0.00,0.00000000,0
2025-05-12 18:55:00,0.00001281,0.00001281,0.00001281,0.00001281,0.00,1747076159999,0.00000000,0,0.00,0.00000000,0
2025-05-12 18:56:00,0.00001281,0.00001281,0.00001281,0.00001281,0.00,1747076219999,0.00000000,0,0.00,0.00000000,0
2025-05-12 18:57:00,0.00001310,0.00001310,0.00001310,0.00001310,200000.00,1747076279999,2.62000000,2,200000.00,2.62000000,0
2025-05-12 18:58:00,0.00001310,0.00001310,0.00001310,0.00001310,0.00,1747076339999,0.00000000,0,0.00,0.00000000,0
2025-05-12 18:59:00,0.00001310,0.00001310,0.00001310,0.00001310,0.00,1747076399999,0.00000000,0,0.00,0.00000000,0
2025-05-12 19:00:00,0.00001310,0.00001310,0.00001310,0.00001310,0.00,1747076459999,0.00000000,0,0.00,0.00000000,0
2025-05-12 19:01:00,0.00001310,0.00001310,0.00001310,0.00001310,0.00,1747076519999,0.00000000,0,0.00,0.00000000,0
2025-05-12 19:02:00,0.00001310,0.00001310,0.00001310,0.00001310,0.00,1747076579999,0.00000000,0,0.00,0.00000000,0
2025-05-12 19:03:00,0.00001310,0.00001310,0.00001310,0.00001310,80418.00,1747076639999,1.05347580,1,80418.00,1.05347580,0
2025-05-12 19:04:00,0.00001310,0.00001310,0.00001310,0.00001310,0.00,1747076699999,0.00000000,0,0.00,0.00000000,0
2025-05-12 19:05:00,0.00001310,0.00001310,0.00001310,0.00001310,0.00,1747076759999,0.00000000,0,0.00,0.00000000,0
2025-05-12 19:06:00,0.00001310,0.00001310,0.00001310,0.00001310,0.00,1747076819999,0.00000000,0,0.00,0.00000000,0
2025-05-12 19:07:00,0.00001310,0.00001310,0.00001310,0.00001310,0.00,1747076879999,0.00000000,0,0.00,0.00000000,0
2025-05-12 19:08:00,0.00001310,0.00001310,0.00001310,0.00001310,0.00,1747076939999,0.00000000,0,0.00,0.00000000,0
2025-05-12 19:09:00,0.00001324,0.00001324,0.00001324,0.00001324,200000.00,1747076999999,2.64800000,2,200000.00,2.64800000,0
2025-05-12 19:10:00,0.00001324,0.00001324,0.00001324,0.00001324,0.00,1747077059999,0.00000000,0,0.00,0.00000000,0
2025-05-12 19:11:00,0.00001324,0.00001324,0.00001324,0.00001324,0.00,1747077119999,0.00000000,0,0.00,0.00000000,0
2025-05-12 19:12:00,0.00001324,0.00001324,0.00001324,0.00001324,0.00,1747077179999,0.00000000,0,0.00,0.00000000,0
2025-05-12 19:13:00,0.00001324,0.00001324,0.00001324,0.00001324,0.00,1747077239999,0.00000000,0,0.00,0.00000000,0
2025-05-12 19:14:00,0.00001324,0.00001324,0.00001324,0.00001324,0.00,1747077299999,0.00000000,0,0.00,0.00000000,0
2025-05-12 19:15:00,0.00001324,0.00001324,0.00001324,0.00001324,77616.00,1747077359999,1.02763584,1,77616.00,1.02763584,0
2025-05-12 19:16:00,0.00001324,0.00001324,0.00001324,0.00001324,0.00,1747077419999,0.00000000,0,0.00,0.00000000,0
2025-05-12 19:17:00,0.00001324,0.00001324,0.00001324,0.00001324,0.00,1747077479999,0.00000000,0,0.00,0.00000000,0
2025-05-12 19:18:00,0.00001324,0.00001324,0.00001324,0.00001324,0.00,1747077539999,0.00000000,0,0.00,0.00000000,0
2025-05-12 19:19:00,0.00001324,0.00001324,0.00001324,0.00001324,0.00,1747077599999,0.00000000,0,0.00,0.00000000,0
2025-05-12 19:20:00,0.00001324,0.00001324,0.00001324,0.00001324,0.00,1747077659999,0.00000000,0,0.00,0.00000000,0
2025-05-12 19:21:00,0.00001324,0.00001324,0.00001324,0.00001324,0.00,1747077719999,0.00000000,0,0.00,0.00000000,0
2025-05-12 19:22:00,0.00001324,0.00001324,0.00001324,0.00001324,0.00,1747077779999,0.00000000,0,0.00,0.00000000,0
2025-05-12 19:23:00,0.00001324,0.00001324,0.00001324,0.00001324,0.00,1747077839999,0.00000000,0,0.00,0.00000000,0
2025-05-12 19:24:00,0.00001324,0.00001324,0.00001324,0.00001324,0.00,1747077899999,0.00000000,0,0.00,0.00000000,0
2025-05-12 19:25:00,0.00001324,0.00001324,0.00001324,0.00001324,0.00,1747077959999,0.00000000,0,0.00,0.00000000,0
2025-05-12 19:26:00,0.00001324,0.00001324,0.00001324,0.00001324,0.00,1747078019999,0.00000000,0,0.00,0.00000000,0
2025-05-12 19:27:00,0.00001324,0.00001324,0.00001324,0.00001324,0.00,1747078079999,0.00000000,0,0.00,0.00000000,0
2025-05-12 19:28:00,0.00001324,0.00001324,0.00001324,0.00001324,0.00,1747078139999,0.00000000,0,0.00,0.00000000,0
2025-05-12 19:29:00,0.00001324,0.00001324,0.00001324,0.00001324,0.00,1747078199999,0.00000000,0,0.00,0.00000000,0
2025-05-12 19:30:00,0.00001324,0.00001324,0.00001324,0.00001324,0.00,1747078259999,0.00000000,0,0.00,0.00000000,0
2025-05-12 19:31:00,0.00001324,0.00001324,0.00001324,0.00001324,0.00,1747078319999,0.00000000,0,0.00,0.00000000,0
2025-05-12 19:32:00,0.00001324,0.00001324,0.00001324,0.00001324,0.00,1747078379999,0.00000000,0,0.00,0.00000000,0
2025-05-12 19:33:00,0.00001324,0.00001324,0.00001324,0.00001324,0.00,1747078439999,0.00000000,0,0.00,0.00000000,0
2025-05-12 19:34:00,0.00001324,0.00001324,0.00001324,0.00001324,0.00,1747078499999,0.00000000,0,0.00,0.00000000,0
2025-05-12 19:35:00,0.00001324,0.00001324,0.00001324,0.00001324,0.00,1747078559999,0.00000000,0,0.00,0.00000000,0
2025-05-12 19:36:00,0.00001324,0.00001324,0.00001324,0.00001324,0.00,1747078619999,0.00000000,0,0.00,0.00000000,0
2025-05-12 19:37:00,0.00001324,0.00001324,0.00001324,0.00001324,0.00,1747078679999,0.00000000,0,0.00,0.00000000,0
2025-05-12 19:38:00,0.00001324,0.00001324,0.00001324,0.00001324,0.00,1747078739999,0.00000000,0,0.00,0.00000000,0
2025-05-12 19:39:00,0.00001324,0.00001324,0.00001324,0.00001324,0.00,1747078799999,0.00000000,0,0.00,0.00000000,0
2025-05-12 19:40:00,0.00001324,0.00001324,0.00001324,0.00001324,0.00,1747078859999,0.00000000,0,0.00,0.00000000,0
2025-05-12 19:41:00,0.00001324,0.00001324,0.00001324,0.00001324,0.00,1747078919999,0.00000000,0,0.00,0.00000000,0
2025-05-12 19:42:00,0.00001324,0.00001324,0.00001324,0.00001324,0.00,1747078979999,0.00000000,0,0.00,0.00000000,0
2025-05-12 19:43:00,0.00001324,0.00001324,0.00001324,0.00001324,0.00,1747079039999,0.00000000,0,0.00,0.00000000,0
2025-05-12 19:44:00,0.00001324,0.00001324,0.00001324,0.00001324,0.00,1747079099999,0.00000000,0,0.00,0.00000000,0
2025-05-12 19:45:00,0.00001324,0.00001324,0.00001324,0.00001324,0.00,1747079159999,0.00000000,0,0.00,0.00000000,0
2025-05-12 19:46:00,0.00001324,0.00001324,0.00001324,0.00001324,0.00,1747079219999,0.00000000,0,0.00,0.00000000,0
2025-05-12 19:47:00,0.00001324,0.00001324,0.00001324,0.00001324,0.00,1747079279999,0.00000000,0,0.00,0.00000000,0
2025-05-12 19:48:00,0.00001324,0.00001324,0.00001324,0.00001324,0.00,1747079339999,0.00000000,0,0.00,0.00000000,0
2025-05-12 19:49:00,0.00001324,0.00001324,0.00001324,0.00001324,0.00,1747079399999,0.00000000,0,0.00,0.00000000,0
2025-05-12 19:50:00,0.00001324,0.00001324,0.00001324,0.00001324,0.00,1747079459999,0.00000000,0,0.00,0.00000000,0
2025-05-12 19:51:00,0.00001324,0.00001324,0.00001324,0.00001324,0.00,1747079519999,0.00000000,0,0.00,0.00000000,0
2025-05-12 19:52:00,0.00001324,0.00001324,0.00001324,0.00001324,0.00,1747079579999,0.00000000,0,0.00,0.00000000,0
2025-05-12 19:53:00,0.00001324,0.00001324,0.00001324,0.00001324,0.00,1747079639999,0.00000000,0,0.00,0.00000000,0
2025-05-12 19:54:00,0.00001324,0.00001324,0.00001324,0.00001324,0.00,1747079699999,0.00000000,0,0.00,0.00000000,0
2025-05-12 19:55:00,0.00001324,0.00001324,0.00001324,0.00001324,0.00,1747079759999,0.00000000,0,0.00,0.00000000,0
2025-05-12 19:56:00,0.00001324,0.00001324,0.00001324,0.00001324,0.00,1747079819999,0.00000000,0,0.00,0.00000000,0
2025-05-12 19:57:00,0.00001324,0.00001324,0.00001324,0.00001324,0.00,1747079879999,0.00000000,0,0.00,0.00000000,0
2025-05-12 19:58:00,0.00001324,0.00001324,0.00001324,0.00001324,0.00,1747079939999,0.00000000,0,0.00,0.00000000,0
2025-05-12 19:59:00,0.00001324,0.00001324,0.00001324,0.00001324,0.00,1747079999999,0.00000000,0,0.00,0.00000000,0
2025-05-12 20:00:00,0.00001324,0.00001324,0.00001324,0.00001324,0.00,1747080059999,0.00000000,0,0.00,0.00000000,0
2025-05-12 20:01:00,0.00001324,0.00001324,0.00001324,0.00001324,0.00,1747080119999,0.00000000,0,0.00,0.00000000,0
2025-05-12 20:02:00,0.00001324,0.00001324,0.00001324,0.00001324,0.00,1747080179999,0.00000000,0,0.00,0.00000000,0
2025-05-12 20:03:00,0.00001324,0.00001324,0.00001324,0.00001324,0.00,1747080239999,0.00000000,0,0.00,0.00000000,0
2025-05-12 20:04:00,0.00001324,0.00001324,0.00001324,0.00001324,0.00,1747080299999,0.00000000,0,0.00,0.00000000,0
2025-05-12 20:05:00,0.00001324,0.00001324,0.00001324,0.00001324,0.00,1747080359999,0.00000000,0,0.00,0.00000000,0
2025-05-12 20:06:00,0.00001324,0.00001324,0.00001324,0.00001324,0.00,1747080419999,0.00000000,0,0.00,0.00000000,0
2025-05-12 20:07:00,0.00001324,0.00001324,0.00001324,0.00001324,0.00,1747080479999,0.00000000,0,0.00,0.00000000,0
2025-05-12 20:08:00,0.00001324,0.00001324,0.00001324,0.00001324,0.00,1747080539999,0.00000000,0,0.00,0.00000000,0
2025-05-12 20:09:00,0.00001324,0.00001324,0.00001324,0.00001324,0.00,1747080599999,0.00000000,0,0.00,0.00000000,0
2025-05-12 20:10:00,0.00001324,0.00001324,0.00001324,0.00001324,0.00,1747080659999,0.00000000,0,0.00,0.00000000,0
2025-05-12 20:11:00,0.00001324,0.00001324,0.00001324,0.00001324,0.00,1747080719999,0.00000000,0,0.00,0.00000000,0
2025-05-12 20:12:00,0.00001324,0.00001324,0.00001324,0.00001324,0.00,1747080779999,0.00000000,0,0.00,0.00000000,0
2025-05-12 20:13:00,0.00001324,0.00001324,0.00001324,0.00001324,0.00,1747080839999,0.00000000,0,0.00,0.00000000,0
2025-05-12 20:14:00,0.00001324,0.00001324,0.00001324,0.00001324,0.00,1747080899999,0.00000000,0,0.00,0.00000000,0
2025-05-12 20:15:00,0.00001324,0.00001324,0.00001324,0.00001324,0.00,1747080959999,0.00000000,0,0.00,0.00000000,0
2025-05-12 20:16:00,0.00001324,0.00001324,0.00001324,0.00001324,0.00,1747081019999,0.00000000,0,0.00,0.00000000,0
2025-05-12 20:17:00,0.00001324,0.00001324,0.00001324,0.00001324,0.00,1747081079999,0.00000000,0,0.00,0.00000000,0
2025-05-12 20:18:00,0.00001324,0.00001324,0.00001324,0.00001324,0.00,1747081139999,0.00000000,0,0.00,0.00000000,0
2025-05-12 20:19:00,0.00001324,0.00001324,0.00001324,0.00001324,0.00,1747081199999,0.00000000,0,0.00,0.00000000,0
2025-05-12 20:20:00,0.00001324,0.00001324,0.00001324,0.00001324,0.00,1747081259999,0.00000000,0,0.00,0.00000000,0
2025-05-12 20:21:00,0.00001324,0.00001324,0.00001324,0.00001324,0.00,1747081319999,0.00000000,0,0.00,0.00000000,0
2025-05-12 20:22:00,0.00001324,0.00001324,0.00001324,0.00001324,0.00,1747081379999,0.00000000,0,0.00,0.00000000,0
2025-05-12 20:23:00,0.00001324,0.00001324,0.00001324,0.00001324,0.00,1747081439999,0.00000000,0,0.00,0.00000000,0
2025-05-12 20:24:00,0.00001324,0.00001324,0.00001324,0.00001324,0.00,1747081499999,0.00000000,0,0.00,0.00000000,0
2025-05-12 20:25:00,0.00001324,0.00001324,0.00001324,0.00001324,0.00,1747081559999,0.00000000,0,0.00,0.00000000,0
2025-05-12 20:26:00,0.00001324,0.00001324,0.00001324,0.00001324,0.00,1747081619999,0.00000000,0,0.00,0.00000000,0
2025-05-12 20:27:00,0.00001324,0.00001324,0.00001324,0.00001324,0.00,1747081679999,0.00000000,0,0.00,0.00000000,0
2025-05-12 20:28:00,0.00001324,0.00001324,0.00001324,0.00001324,0.00,1747081739999,0.00000000,0,0.00,0.00000000,0
2025-05-12 20:29:00,0.00001324,0.00001324,0.00001324,0.00001324,0.00,1747081799999,0.00000000,0,0.00,0.00000000,0
2025-05-12 20:30:00,0.00001324,0.00001324,0.00001324,0.00001324,0.00,1747081859999,0.00000000,0,0.00,0.00000000,0
2025-05-12 20:31:00,0.00001324,0.00001324,0.00001324,0.00001324,0.00,1747081919999,0.00000000,0,0.00,0.00000000,0
2025-05-12 20:32:00,0.00001324,0.00001324,0.00001324,0.00001324,0.00,1747081979999,0.00000000,0,0.00,0.00000000,0
2025-05-12 20:33:00,0.00001324,0.00001324,0.00001324,0.00001324,0.00,1747082039999,0.00000000,0,0.00,0.00000000,0
2025-05-12 20:34:00,0.00001324,0.00001324,0.00001324,0.00001324,0.00,1747082099999,0.00000000,0,0.00,0.00000000,0
2025-05-12 20:35:00,0.00001324,0.00001324,0.00001324,0.00001324,0.00,1747082159999,0.00000000,0,0.00,0.00000000,0
2025-05-12 20:36:00,0.00001324,0.00001324,0.00001324,0.00001324,0.00,1747082219999,0.00000000,0,0.00,0.00000000,0
2025-05-12 20:37:00,0.00001324,0.00001324,0.00001324,0.00001324,0.00,1747082279999,0.00000000,0,0.00,0.00000000,0
2025-05-12 20:38:00,0.00001324,0.00001324,0.00001324,0.00001324,0.00,1747082339999,0.00000000,0,0.00,0.00000000,0
2025-05-12 20:39:00,0.00001324,0.00001324,0.00001324,0.00001324,0.00,1747082399999,0.00000000,0,0.00,0.00000000,0
2025-05-12 20:40:00,0.00001324,0.00001324,0.00001324,0.00001324,0.00,1747082459999,0.00000000,0,0.00,0.00000000,0
2025-05-12 20:41:00,0.00001324,0.00001324,0.00001324,0.00001324,0.00,1747082519999,0.00000000,0,0.00,0.00000000,0
2025-05-12 20:42:00,0.00001324,0.00001324,0.00001324,0.00001324,0.00,1747082579999,0.00000000,0,0.00,0.00000000,0
2025-05-12 20:43:00,0.00001324,0.00001324,0.00001324,0.00001324,0.00,1747082639999,0.00000000,0,0.00,0.00000000,0
2025-05-12 20:44:00,0.00001324,0.00001324,0.00001324,0.00001324,0.00,1747082699999,0.00000000,0,0.00,0.00000000,0
2025-05-12 20:45:00,0.00001324,0.00001324,0.00001324,0.00001324,0.00,1747082759999,0.00000000,0,0.00,0.00000000,0
2025-05-12 20:46:00,0.00001324,0.00001324,0.00001324,0.00001324,0.00,1747082819999,0.00000000,0,0.00,0.00000000,0
2025-05-12 20:47:00,0.00001324,0.00001324,0.00001324,0.00001324,0.00,1747082879999,0.00000000,0,0.00,0.00000000,0
2025-05-12 20:48:00,0.00001324,0.00001324,0.00001324,0.00001324,0.00,1747082939999,0.00000000,0,0.00,0.00000000,0
2025-05-12 20:49:00,0.00001324,0.00001324,0.00001324,0.00001324,0.00,1747082999999,0.00000000,0,0.00,0.00000000,0
2025-05-12 20:50:00,0.00001324,0.00001324,0.00001324,0.00001324,0.00,1747083059999,0.00000000,0,0.00,0.00000000,0
2025-05-12 20:51:00,0.00001324,0.00001324,0.00001324,0.00001324,0.00,1747083119999,0.00000000,0,0.00,0.00000000,0
2025-05-12 20:52:00,0.00001324,0.00001324,0.00001324,0.00001324,0.00,1747083179999,0.00000000,0,0.00,0.00000000,0
2025-05-12 20:53:00,0.00001350,0.00001350,0.00001350,0.00001350,200000.00,1747083239999,2.70000000,2,200000.00,2.70000000,0
2025-05-12 20:54:00,0.00001350,0.00001350,0.00001350,0.00001350,72176.00,1747083299999,0.97437600,1,72176.00,0.97437600,0
2025-05-12 20:55:00,0.00001350,0.00001350,0.00001350,0.00001350,0.00,1747083359999,0.00000000,0,0.00,0.00000000,0
2025-05-12 20:56:00,0.00001350,0.00001350,0.00001350,0.00001350,0.00,1747083419999,0.00000000,0,0.00,0.00000000,0
2025-05-12 20:57:00,0.00001362,0.00001362,0.00001362,0.00001362,881056.00,1747083479999,11.99998272,1,0.00,0.00000000,0
2025-05-12 20:58:00,0.00001362,0.00001362,0.00001362,0.00001362,0.00,1747083539999,0.00000000,0,0.00,0.00000000,0
2025-05-12 20:59:00,0.00001362,0.00001362,0.00001362,0.00001362,0.00,1747083599999,0.00000000,0,0.00,0.00000000,0
2025-05-12 21:00:00,0.00001362,0.00001362,0.00001362,0.00001362,0.00,1747083659999,0.00000000,0,0.00,0.00000000,0
2025-05-12 21:01:00,0.00001362,0.00001362,0.00001362,0.00001362,0.00,1747083719999,0.00000000,0,0.00,0.00000000,0
2025-05-12 21:02:00,0.00001362,0.00001362,0.00001362,0.00001362,0.00,1747083779999,0.00000000,0,0.00,0.00000000,0
2025-05-12 21:03:00,0.00001362,0.00001362,0.00001362,0.00001362,0.00,1747083839999,0.00000000,0,0.00,0.00000000,0
2025-05-12 21:04:00,0.00001362,0.00001362,0.00001362,0.00001362,0.00,1747083899999,0.00000000,0,0.00,0.00000000,0
2025-05-12 21:05:00,0.00001362,0.00001362,0.00001362,0.00001362,0.00,1747083959999,0.00000000,0,0.00,0.00000000,0
2025-05-12 21:06:00,0.00001362,0.00001362,0.00001362,0.00001362,0.00,1747084019999,0.00000000,0,0.00,0.00000000,0
2025-05-12 21:07:00,0.00001362,0.00001362,0.00001362,0.00001362,0.00,1747084079999,0.00000000,0,0.00,0.00000000,0
2025-05-12 21:08:00,0.00001362,0.00001362,0.00001362,0.00001362,0.00,1747084139999,0.00000000,0,0.00,0.00000000,0
2025-05-12 21:09:00,0.00001362,0.00001362,0.00001362,0.00001362,0.00,1747084199999,0.00000000,0,0.00,0.00000000,0
2025-05-12 21:10:00,0.00001362,0.00001362,0.00001362,0.00001362,0.00,1747084259999,0.00000000,0,0.00,0.00000000,0
2025-05-12 21:11:00,0.00001362,0.00001362,0.00001362,0.00001362,0.00,1747084319999,0.00000000,0,0.00,0.00000000,0
2025-05-12 21:12:00,0.00001362,0.00001362,0.00001362,0.00001362,0.00,1747084379999,0.00000000,0,0.00,0.00000000,0
2025-05-12 21:13:00,0.00001362,0.00001362,0.00001362,0.00001362,0.00,1747084439999,0.00000000,0,0.00,0.00000000,0
2025-05-12 21:14:00,0.00001362,0.00001362,0.00001362,0.00001362,0.00,1747084499999,0.00000000,0,0.00,0.00000000,0
2025-05-12 21:15:00,0.00001362,0.00001362,0.00001362,0.00001362,0.00,1747084559999,0.00000000,0,0.00,0.00000000,0
2025-05-12 21:16:00,0.00001362,0.00001362,0.00001362,0.00001362,0.00,1747084619999,0.00000000,0,0.00,0.00000000,0
2025-05-12 21:17:00,0.00001362,0.00001362,0.00001362,0.00001362,0.00,1747084679999,0.00000000,0,0.00,0.00000000,0
2025-05-12 21:18:00,0.00001362,0.00001362,0.00001362,0.00001362,0.00,1747084739999,0.00000000,0,0.00,0.00000000,0
2025-05-12 21:19:00,0.00001362,0.00001362,0.00001362,0.00001362,0.00,1747084799999,0.00000000,0,0.00,0.00000000,0
2025-05-12 21:20:00,0.00001362,0.00001362,0.00001362,0.00001362,0.00,1747084859999,0.00000000,0,0.00,0.00000000,0
2025-05-12 21:21:00,0.00001362,0.00001362,0.00001362,0.00001362,0.00,1747084919999,0.00000000,0,0.00,0.00000000,0
2025-05-12 21:22:00,0.00001362,0.00001362,0.00001362,0.00001362,0.00,1747084979999,0.00000000,0,0.00,0.00000000,0
2025-05-12 21:23:00,0.00001362,0.00001362,0.00001362,0.00001362,0.00,1747085039999,0.00000000,0,0.00,0.00000000,0
2025-05-12 21:24:00,0.00001362,0.00001362,0.00001362,0.00001362,0.00,1747085099999,0.00000000,0,0.00,0.00000000,0
2025-05-12 21:25:00,0.00001362,0.00001362,0.00001362,0.00001362,0.00,1747085159999,0.00000000,0,0.00,0.00000000,0
2025-05-12 21:26:00,0.00001362,0.00001362,0.00001362,0.00001362,0.00,1747085219999,0.00000000,0,0.00,0.00000000,0
2025-05-12 21:27:00,0.00001362,0.00001362,0.00001362,0.00001362,0.00,1747085279999,0.00000000,0,0.00,0.00000000,0
2025-05-12 21:28:00,0.00001362,0.00001362,0.00001362,0.00001362,0.00,1747085339999,0.00000000,0,0.00,0.00000000,0
2025-05-12 21:29:00,0.00001362,0.00001362,0.00001362,0.00001362,0.00,1747085399999,0.00000000,0,0.00,0.00000000,0
2025-05-12 21:30:00,0.00001362,0.00001362,0.00001362,0.00001362,0.00,1747085459999,0.00000000,0,0.00,0.00000000,0
2025-05-12 21:31:00,0.00001362,0.00001362,0.00001362,0.00001362,0.00,1747085519999,0.00000000,0,0.00,0.00000000,0
2025-05-12 21:32:00,0.00001362,0.00001362,0.00001362,0.00001362,0.00,1747085579999,0.00000000,0,0.00,0.00000000,0
2025-05-12 21:33:00,0.00001362,0.00001362,0.00001362,0.00001362,0.00,1747085639999,0.00000000,0,0.00,0.00000000,0
2025-05-12 21:34:00,0.00001362,0.00001362,0.00001362,0.00001362,0.00,1747085699999,0.00000000,0,0.00,0.00000000,0
2025-05-12 21:35:00,0.00001362,0.00001362,0.00001362,0.00001362,0.00,1747085759999,0.00000000,0,0.00,0.00000000,0
2025-05-12 21:36:00,0.00001362,0.00001362,0.00001362,0.00001362,0.00,1747085819999,0.00000000,0,0.00,0.00000000,0
2025-05-12 21:37:00,0.00001362,0.00001362,0.00001362,0.00001362,0.00,1747085879999,0.00000000,0,0.00,0.00000000,0
2025-05-12 21:38:00,0.00001362,0.00001362,0.00001362,0.00001362,0.00,1747085939999,0.00000000,0,0.00,0.00000000,0
2025-05-12 21:39:00,0.00001362,0.00001362,0.00001362,0.00001362,0.00,1747085999999,0.00000000,0,0.00,0.00000000,0
2025-05-12 21:40:00,0.00001362,0.00001362,0.00001362,0.00001362,0.00,1747086059999,0.00000000,0,0.00,0.00000000,0
2025-05-12 21:41:00,0.00001362,0.00001362,0.00001362,0.00001362,0.00,1747086119999,0.00000000,0,0.00,0.00000000,0
2025-05-12 21:42:00,0.00001362,0.00001362,0.00001362,0.00001362,0.00,1747086179999,0.00000000,0,0.00,0.00000000,0
2025-05-12 21:43:00,0.00001362,0.00001362,0.00001362,0.00001362,0.00,1747086239999,0.00000000,0,0.00,0.00000000,0
2025-05-12 21:44:00,0.00001362,0.00001362,0.00001362,0.00001362,0.00,1747086299999,0.00000000,0,0.00,0.00000000,0
2025-05-12 21:45:00,0.00001362,0.00001362,0.00001362,0.00001362,0.00,1747086359999,0.00000000,0,0.00,0.00000000,0
2025-05-12 21:46:00,0.00001362,0.00001362,0.00001362,0.00001362,0.00,1747086419999,0.00000000,0,0.00,0.00000000,0
2025-05-12 21:47:00,0.00001362,0.00001362,0.00001362,0.00001362,0.00,1747086479999,0.00000000,0,0.00,0.00000000,0
2025-05-12 21:48:00,0.00001362,0.00001362,0.00001362,0.00001362,0.00,1747086539999,0.00000000,0,0.00,0.00000000,0
2025-05-12 21:49:00,0.00001362,0.00001362,0.00001362,0.00001362,0.00,1747086599999,0.00000000,0,0.00,0.00000000,0
2025-05-12 21:50:00,0.00001362,0.00001362,0.00001362,0.00001362,0.00,1747086659999,0.00000000,0,0.00,0.00000000,0
2025-05-12 21:51:00,0.00001362,0.00001362,0.00001362,0.00001362,0.00,1747086719999,0.00000000,0,0.00,0.00000000,0
2025-05-12 21:52:00,0.00001362,0.00001362,0.00001362,0.00001362,0.00,1747086779999,0.00000000,0,0.00,0.00000000,0
2025-05-12 21:53:00,0.00001362,0.00001362,0.00001362,0.00001362,0.00,1747086839999,0.00000000,0,0.00,0.00000000,0
2025-05-12 21:54:00,0.00001362,0.00001362,0.00001362,0.00001362,0.00,1747086899999,0.00000000,0,0.00,0.00000000,0
2025-05-12 21:55:00,0.00001362,0.00001362,0.00001362,0.00001362,0.00,1747086959999,0.00000000,0,0.00,0.00000000,0
2025-05-12 21:56:00,0.00001362,0.00001362,0.00001362,0.00001362,0.00,1747087019999,0.00000000,0,0.00,0.00000000,0
2025-05-12 21:57:00,0.00001362,0.00001362,0.00001362,0.00001362,0.00,1747087079999,0.00000000,0,0.00,0.00000000,0
2025-05-12 21:58:00,0.00001362,0.00001362,0.00001362,0.00001362,0.00,1747087139999,0.00000000,0,0.00,0.00000000,0
2025-05-12 21:59:00,0.00001362,0.00001362,0.00001362,0.00001362,0.00,1747087199999,0.00000000,0,0.00,0.00000000,0
2025-05-12 22:00:00,0.00001362,0.00001362,0.00001362,0.00001362,0.00,1747087259999,0.00000000,0,0.00,0.00000000,0
2025-05-12 22:01:00,0.00001362,0.00001362,0.00001362,0.00001362,0.00,1747087319999,0.00000000,0,0.00,0.00000000,0
2025-05-12 22:02:00,0.00001362,0.00001362,0.00001362,0.00001362,0.00,1747087379999,0.00000000,0,0.00,0.00000000,0
2025-05-12 22:03:00,0.00001362,0.00001362,0.00001362,0.00001362,0.00,1747087439999,0.00000000,0,0.00,0.00000000,0
2025-05-12 22:04:00,0.00001362,0.00001362,0.00001362,0.00001362,0.00,1747087499999,0.00000000,0,0.00,0.00000000,0
2025-05-12 22:05:00,0.00001362,0.00001362,0.00001362,0.00001362,0.00,1747087559999,0.00000000,0,0.00,0.00000000,0
2025-05-12 22:06:00,0.00001362,0.00001362,0.00001362,0.00001362,0.00,1747087619999,0.00000000,0,0.00,0.00000000,0
2025-05-12 22:07:00,0.00001362,0.00001362,0.00001362,0.00001362,0.00,1747087679999,0.00000000,0,0.00,0.00000000,0
2025-05-12 22:08:00,0.00001362,0.00001362,0.00001362,0.00001362,0.00,1747087739999,0.00000000,0,0.00,0.00000000,0
2025-05-12 22:09:00,0.00001362,0.00001362,0.00001362,0.00001362,0.00,1747087799999,0.00000000,0,0.00,0.00000000,0
2025-05-12 22:10:00,0.00001362,0.00001362,0.00001362,0.00001362,0.00,1747087859999,0.00000000,0,0.00,0.00000000,0
2025-05-12 22:11:00,0.00001362,0.00001362,0.00001362,0.00001362,0.00,1747087919999,0.00000000,0,0.00,0.00000000,0
2025-05-12 22:12:00,0.00001362,0.00001362,0.00001362,0.00001362,0.00,1747087979999,0.00000000,0,0.00,0.00000000,0
2025-05-12 22:13:00,0.00001362,0.00001362,0.00001362,0.00001362,0.00,1747088039999,0.00000000,0,0.00,0.00000000,0
2025-05-12 22:14:00,0.00001362,0.00001362,0.00001362,0.00001362,0.00,1747088099999,0.00000000,0,0.00,0.00000000,0
2025-05-12 22:15:00,0.00001362,0.00001362,0.00001362,0.00001362,0.00,1747088159999,0.00000000,0,0.00,0.00000000,0
2025-05-12 22:16:00,0.00001362,0.00001362,0.00001362,0.00001362,0.00,1747088219999,0.00000000,0,0.00,0.00000000,0
2025-05-12 22:17:00,0.00001362,0.00001362,0.00001362,0.00001362,0.00,1747088279999,0.00000000,0,0.00,0.00000000,0
2025-05-12 22:18:00,0.00001362,0.00001362,0.00001362,0.00001362,0.00,1747088339999,0.00000000,0,0.00,0.00000000,0
2025-05-12 22:19:00,0.00001362,0.00001362,0.00001362,0.00001362,0.00,1747088399999,0.00000000,0,0.00,0.00000000,0
2025-05-12 22:20:00,0.00001362,0.00001362,0.00001362,0.00001362,0.00,1747088459999,0.00000000,0,0.00,0.00000000,0
2025-05-12 22:21:00,0.00001362,0.00001362,0.00001362,0.00001362,0.00,1747088519999,0.00000000,0,0.00,0.00000000,0
2025-05-12 22:22:00,0.00001362,0.00001362,0.00001362,0.00001362,0.00,1747088579999,0.00000000,0,0.00,0.00000000,0
2025-05-12 22:23:00,0.00001362,0.00001362,0.00001362,0.00001362,0.00,1747088639999,0.00000000,0,0.00,0.00000000,0
2025-05-12 22:24:00,0.00001362,0.00001362,0.00001362,0.00001362,0.00,1747088699999,0.00000000,0,0.00,0.00000000,0
2025-05-12 22:25:00,0.00001362,0.00001362,0.00001362,0.00001362,0.00,1747088759999,0.00000000,0,0.00,0.00000000,0
2025-05-12 22:26:00,0.00001362,0.00001362,0.00001362,0.00001362,0.00,1747088819999,0.00000000,0,0.00,0.00000000,0
2025-05-12 22:27:00,0.00001362,0.00001362,0.00001362,0.00001362,0.00,1747088879999,0.00000000,0,0.00,0.00000000,0
2025-05-12 22:28:00,0.00001362,0.00001362,0.00001362,0.00001362,0.00,1747088939999,0.00000000,0,0.00,0.00000000,0
2025-05-12 22:29:00,0.00001362,0.00001362,0.00001362,0.00001362,0.00,1747088999999,0.00000000,0,0.00,0.00000000,0
2025-05-12 22:30:00,0.00001362,0.00001362,0.00001362,0.00001362,0.00,1747089059999,0.00000000,0,0.00,0.00000000,0
2025-05-12 22:31:00,0.00001362,0.00001362,0.00001362,0.00001362,0.00,1747089119999,0.00000000,0,0.00,0.00000000,0
2025-05-12 22:32:00,0.00001362,0.00001362,0.00001362,0.00001362,0.00,1747089179999,0.00000000,0,0.00,0.00000000,0
2025-05-12 22:33:00,0.00001362,0.00001362,0.00001362,0.00001362,0.00,1747089239999,0.00000000,0,0.00,0.00000000,0
2025-05-12 22:34:00,0.00001362,0.00001362,0.00001362,0.00001362,0.00,1747089299999,0.00000000,0,0.00,0.00000000,0
2025-05-12 22:35:00,0.00001362,0.00001362,0.00001362,0.00001362,0.00,1747089359999,0.00000000,0,0.00,0.00000000,0
2025-05-12 22:36:00,0.00001362,0.00001362,0.00001362,0.00001362,0.00,1747089419999,0.00000000,0,0.00,0.00000000,0
2025-05-12 22:37:00,0.00001362,0.00001362,0.00001362,0.00001362,0.00,1747089479999,0.00000000,0,0.00,0.00000000,0
2025-05-12 22:38:00,0.00001362,0.00001362,0.00001362,0.00001362,0.00,1747089539999,0.00000000,0,0.00,0.00000000,0
2025-05-12 22:39:00,0.00001362,0.00001362,0.00001362,0.00001362,0.00,1747089599999,0.00000000,0,0.00,0.00000000,0
2025-05-12 22:40:00,0.00001362,0.00001362,0.00001362,0.00001362,0.00,1747089659999,0.00000000,0,0.00,0.00000000,0
2025-05-12 22:41:00,0.00001362,0.00001362,0.00001362,0.00001362,0.00,1747089719999,0.00000000,0,0.00,0.00000000,0
2025-05-12 22:42:00,0.00001362,0.00001362,0.00001362,0.00001362,0.00,1747089779999,0.00000000,0,0.00,0.00000000,0
2025-05-12 22:43:00,0.00001362,0.00001362,0.00001362,0.00001362,0.00,1747089839999,0.00000000,0,0.00,0.00000000,0
2025-05-12 22:44:00,0.00001362,0.00001362,0.00001362,0.00001362,0.00,1747089899999,0.00000000,0,0.00,0.00000000,0
2025-05-12 22:45:00,0.00001362,0.00001362,0.00001362,0.00001362,0.00,1747089959999,0.00000000,0,0.00,0.00000000,0
2025-05-12 22:46:00,0.00001362,0.00001362,0.00001362,0.00001362,0.00,1747090019999,0.00000000,0,0.00,0.00000000,0
2025-05-12 22:47:00,0.00001362,0.00001362,0.00001362,0.00001362,0.00,1747090079999,0.00000000,0,0.00,0.00000000,0
2025-05-12 22:48:00,0.00001362,0.00001362,0.00001362,0.00001362,0.00,1747090139999,0.00000000,0,0.00,0.00000000,0
2025-05-12 22:49:00,0.00001362,0.00001362,0.00001362,0.00001362,0.00,1747090199999,0.00000000,0,0.00,0.00000000,0
2025-05-12 22:50:00,0.00001362,0.00001362,0.00001362,0.00001362,0.00,1747090259999,0.00000000,0,0.00,0.00000000,0
2025-05-12 22:51:00,0.00001362,0.00001362,0.00001362,0.00001362,0.00,1747090319999,0.00000000,0,0.00,0.00000000,0
2025-05-12 22:52:00,0.00001362,0.00001362,0.00001362,0.00001362,0.00,1747090379999,0.00000000,0,0.00,0.00000000,0
2025-05-12 22:53:00,0.00001362,0.00001362,0.00001362,0.00001362,0.00,1747090439999,0.00000000,0,0.00,0.00000000,0
2025-05-12 22:54:00,0.00001362,0.00001362,0.00001362,0.00001362,0.00,1747090499999,0.00000000,0,0.00,0.00000000,0
2025-05-12 22:55:00,0.00001362,0.00001362,0.00001362,0.00001362,0.00,1747090559999,0.00000000,0,0.00,0.00000000,0
2025-05-12 22:56:00,0.00001362,0.00001362,0.00001362,0.00001362,0.00,1747090619999,0.00000000,0,0.00,0.00000000,0
2025-05-12 22:57:00,0.00001362,0.00001362,0.00001362,0.00001362,0.00,1747090679999,0.00000000,0,0.00,0.00000000,0
2025-05-12 22:58:00,0.00001362,0.00001362,0.00001362,0.00001362,0.00,1747090739999,0.00000000,0,0.00,0.00000000,0
2025-05-12 22:59:00,0.00001362,0.00001362,0.00001362,0.00001362,0.00,1747090799999,0.00000000,0,0.00,0.00000000,0
2025-05-12 23:00:00,0.00001362,0.00001362,0.00001362,0.00001362,0.00,1747090859999,0.00000000,0,0.00,0.00000000,0
2025-05-12 23:01:00,0.00001362,0.00001362,0.00001362,0.00001362,0.00,1747090919999,0.00000000,0,0.00,0.00000000,0
2025-05-12 23:02:00,0.00001362,0.00001362,0.00001362,0.00001362,0.00,1747090979999,0.00000000,0,0.00,0.00000000,0
2025-05-12 23:03:00,0.00001362,0.00001362,0.00001362,0.00001362,0.00,1747091039999,0.00000000,0,0.00,0.00000000,0
2025-05-12 23:04:00,0.00001362,0.00001362,0.00001362,0.00001362,0.00,1747091099999,0.00000000,0,0.00,0.00000000,0
2025-05-12 23:05:00,0.00001362,0.00001362,0.00001362,0.00001362,0.00,1747091159999,0.00000000,0,0.00,0.00000000,0
2025-05-12 23:06:00,0.00001362,0.00001362,0.00001362,0.00001362,0.00,1747091219999,0.00000000,0,0.00,0.00000000,0
2025-05-12 23:07:00,0.00001362,0.00001362,0.00001362,0.00001362,0.00,1747091279999,0.00000000,0,0.00,0.00000000,0
2025-05-12 23:08:00,0.00001362,0.00001362,0.00001362,0.00001362,0.00,1747091339999,0.00000000,0,0.00,0.00000000,0
2025-05-12 23:09:00,0.00001362,0.00001362,0.00001362,0.00001362,0.00,1747091399999,0.00000000,0,0.00,0.00000000,0
2025-05-12 23:10:00,0.00001362,0.00001362,0.00001362,0.00001362,0.00,1747091459999,0.00000000,0,0.00,0.00000000,0
2025-05-12 23:11:00,0.00001362,0.00001362,0.00001362,0.00001362,0.00,1747091519999,0.00000000,0,0.00,0.00000000,0
2025-05-12 23:12:00,0.00001362,0.00001362,0.00001362,0.00001362,0.00,1747091579999,0.00000000,0,0.00,0.00000000,0
2025-05-12 23:13:00,0.00001362,0.00001362,0.00001362,0.00001362,0.00,1747091639999,0.00000000,0,0.00,0.00000000,0
2025-05-12 23:14:00,0.00001362,0.00001362,0.00001362,0.00001362,0.00,1747091699999,0.00000000,0,0.00,0.00000000,0
2025-05-12 23:15:00,0.00001362,0.00001362,0.00001362,0.00001362,0.00,1747091759999,0.00000000,0,0.00,0.00000000,0
2025-05-12 23:16:00,0.00001362,0.00001362,0.00001362,0.00001362,0.00,1747091819999,0.00000000,0,0.00,0.00000000,0
2025-05-12 23:17:00,0.00001362,0.00001362,0.00001362,0.00001362,0.00,1747091879999,0.00000000,0,0.00,0.00000000,0
2025-05-12 23:18:00,0.00001362,0.00001362,0.00001362,0.00001362,0.00,1747091939999,0.00000000,0,0.00,0.00000000,0
2025-05-12 23:19:00,0.00001362,0.00001362,0.00001362,0.00001362,0.00,1747091999999,0.00000000,0,0.00,0.00000000,0
2025-05-12 23:20:00,0.00001362,0.00001362,0.00001362,0.00001362,0.00,1747092059999,0.00000000,0,0.00,0.00000000,0
2025-05-12 23:21:00,0.00001362,0.00001362,0.00001362,0.00001362,0.00,1747092119999,0.00000000,0,0.00,0.00000000,0
2025-05-12 23:22:00,0.00001362,0.00001362,0.00001362,0.00001362,0.00,1747092179999,0.00000000,0,0.00,0.00000000,0
2025-05-12 23:23:00,0.00001362,0.00001362,0.00001362,0.00001362,0.00,1747092239999,0.00000000,0,0.00,0.00000000,0
2025-05-12 23:24:00,0.00001362,0.00001362,0.00001362,0.00001362,0.00,1747092299999,0.00000000,0,0.00,0.00000000,0
2025-05-12 23:25:00,0.00001362,0.00001362,0.00001362,0.00001362,0.00,1747092359999,0.00000000,0,0.00,0.00000000,0
2025-05-12 23:26:00,0.00001362,0.00001362,0.00001362,0.00001362,0.00,1747092419999,0.00000000,0,0.00,0.00000000,0
2025-05-12 23:27:00,0.00001362,0.00001362,0.00001362,0.00001362,0.00,1747092479999,0.00000000,0,0.00,0.00000000,0
2025-05-12 23:28:00,0.00001362,0.00001362,0.00001362,0.00001362,0.00,1747092539999,0.00000000,0,0.00,0.00000000,0
2025-05-12 23:29:00,0.00001362,0.00001362,0.00001362,0.00001362,0.00,1747092599999,0.00000000,0,0.00,0.00000000,0
2025-05-12 23:30:00,0.00001362,0.00001362,0.00001362,0.00001362,0.00,1747092659999,0.00000000,0,0.00,0.00000000,0
2025-05-12 23:31:00,0.00001362,0.00001362,0.00001362,0.00001362,0.00,1747092719999,0.00000000,0,0.00,0.00000000,0
2025-05-12 23:32:00,0.00001362,0.00001362,0.00001362,0.00001362,0.00,1747092779999,0.00000000,0,0.00,0.00000000,0
2025-05-12 23:33:00,0.00001362,0.00001362,0.00001362,0.00001362,0.00,1747092839999,0.00000000,0,0.00,0.00000000,0
2025-05-12 23:34:00,0.00001362,0.00001362,0.00001362,0.00001362,0.00,1747092899999,0.00000000,0,0.00,0.00000000,0
2025-05-12 23:35:00,0.00001362,0.00001362,0.00001362,0.00001362,0.00,1747092959999,0.00000000,0,0.00,0.00000000,0
2025-05-12 23:36:00,0.00001362,0.00001362,0.00001362,0.00001362,0.00,1747093019999,0.00000000,0,0.00,0.00000000,0
2025-05-12 23:37:00,0.00001362,0.00001362,0.00001362,0.00001362,0.00,1747093079999,0.00000000,0,0.00,0.00000000,0
2025-05-12 23:38:00,0.00001362,0.00001362,0.00001362,0.00001362,0.00,1747093139999,0.00000000,0,0.00,0.00000000,0
2025-05-12 23:39:00,0.00001362,0.00001362,0.00001362,0.00001362,0.00,1747093199999,0.00000000,0,0.00,0.00000000,0
2025-05-12 23:40:00,0.00001362,0.00001362,0.00001362,0.00001362,0.00,1747093259999,0.00000000,0,0.00,0.00000000,0
2025-05-12 23:41:00,0.00001362,0.00001362,0.00001362,0.00001362,0.00,1747093319999,0.00000000,0,0.00,0.00000000,0
2025-05-12 23:42:00,0.00001362,0.00001362,0.00001362,0.00001362,0.00,1747093379999,0.00000000,0,0.00,0.00000000,0
2025-05-12 23:43:00,0.00001362,0.00001362,0.00001362,0.00001362,0.00,1747093439999,0.00000000,0,0.00,0.00000000,0
2025-05-12 23:44:00,0.00001362,0.00001362,0.00001362,0.00001362,0.00,1747093499999,0.00000000,0,0.00,0.00000000,0
2025-05-12 23:45:00,0.00001362,0.00001362,0.00001362,0.00001362,0.00,1747093559999,0.00000000,0,0.00,0.00000000,0
2025-05-12 23:46:00,0.00001362,0.00001362,0.00001362,0.00001362,0.00,1747093619999,0.00000000,0,0.00,0.00000000,0
2025-05-12 23:47:00,0.00001362,0.00001362,0.00001362,0.00001362,0.00,1747093679999,0.00000000,0,0.00,0.00000000,0
2025-05-12 23:48:00,0.00001362,0.00001362,0.00001362,0.00001362,0.00,1747093739999,0.00000000,0,0.00,0.00000000,0
2025-05-12 23:49:00,0.00001362,0.00001362,0.00001362,0.00001362,0.00,1747093799999,0.00000000,0,0.00,0.00000000,0
2025-05-12 23:50:00,0.00001362,0.00001362,0.00001362,0.00001362,0.00,1747093859999,0.00000000,0,0.00,0.00000000,0
2025-05-12 23:51:00,0.00001362,0.00001362,0.00001362,0.00001362,0.00,1747093919999,0.00000000,0,0.00,0.00000000,0
2025-05-12 23:52:00,0.00001362,0.00001362,0.00001362,0.00001362,0.00,1747093979999,0.00000000,0,0.00,0.00000000,0
2025-05-12 23:53:00,0.00001362,0.00001362,0.00001362,0.00001362,0.00,1747094039999,0.00000000,0,0.00,0.00000000,0
2025-05-12 23:54:00,0.00001362,0.00001362,0.00001362,0.00001362,0.00,1747094099999,0.00000000,0,0.00,0.00000000,0
2025-05-12 23:55:00,0.00001362,0.00001362,0.00001362,0.00001362,0.00,1747094159999,0.00000000,0,0.00,0.00000000,0
2025-05-12 23:56:00,0.00001362,0.00001362,0.00001362,0.00001362,0.00,1747094219999,0.00000000,0,0.00,0.00000000,0
2025-05-12 23:57:00,0.00001362,0.00001362,0.00001362,0.00001362,0.00,1747094279999,0.00000000,0,0.00,0.00000000,0
2025-05-12 23:58:00,0.00001362,0.00001362,0.00001362,0.00001362,0.00,1747094339999,0.00000000,0,0.00,0.00000000,0
2025-05-12 23:59:00,0.00001362,0.00001362,0.00001362,0.00001362,0.00,1747094399999,0.00000000,0,0.00,0.00000000,0
2025-05-13 00:00:00,0.00001362,0.00001362,0.00001362,0.00001362,0.00,1747094459999,0.00000000,0,0.00,0.00000000,0
2025-05-13 00:01:00,0.00001362,0.00001362,0.00001362,0.00001362,0.00,1747094519999,0.00000000,0,0.00,0.00000000,0
2025-05-13 00:02:00,0.00001362,0.00001362,0.00001362,0.00001362,0.00,1747094579999,0.00000000,0,0.00,0.00000000,0
2025-05-13 00:03:00,0.00001362,0.00001362,0.00001362,0.00001362,0.00,1747094639999,0.00000000,0,0.00,0.00000000,0
2025-05-13 00:04:00,0.00001362,0.00001362,0.00001362,0.00001362,0.00,1747094699999,0.00000000,0,0.00,0.00000000,0
2025-05-13 00:05:00,0.00001362,0.00001362,0.00001362,0.00001362,0.00,1747094759999,0.00000000,0,0.00,0.00000000,0
2025-05-13 00:06:00,0.00001362,0.00001362,0.00001362,0.00001362,0.00,1747094819999,0.00000000,0,0.00,0.00000000,0
2025-05-13 00:07:00,0.00001362,0.00001362,0.00001362,0.00001362,0.00,1747094879999,0.00000000,0,0.00,0.00000000,0
2025-05-13 00:08:00,0.00001362,0.00001362,0.00001362,0.00001362,0.00,1747094939999,0.00000000,0,0.00,0.00000000,0
2025-05-13 00:09:00,0.00001362,0.00001362,0.00001362,0.00001362,0.00,1747094999999,0.00000000,0,0.00,0.00000000,0
2025-05-13 00:10:00,0.00001362,0.00001362,0.00001362,0.00001362,0.00,1747095059999,0.00000000,0,0.00,0.00000000,0
2025-05-13 00:11:00,0.00001362,0.00001362,0.00001362,0.00001362,0.00,1747095119999,0.00000000,0,0.00,0.00000000,0
2025-05-13 00:12:00,0.00001362,0.00001362,0.00001362,0.00001362,0.00,1747095179999,0.00000000,0,0.00,0.00000000,0
2025-05-13 00:13:00,0.00001362,0.00001362,0.00001362,0.00001362,0.00,1747095239999,0.00000000,0,0.00,0.00000000,0
2025-05-13 00:14:00,0.00001362,0.00001362,0.00001362,0.00001362,0.00,1747095299999,0.00000000,0,0.00,0.00000000,0
2025-05-13 00:15:00,0.00001362,0.00001362,0.00001362,0.00001362,0.00,1747095359999,0.00000000,0,0.00,0.00000000,0
2025-05-13 00:16:00,0.00001362,0.00001362,0.00001362,0.00001362,0.00,1747095419999,0.00000000,0,0.00,0.00000000,0
2025-05-13 00:17:00,0.00001362,0.00001362,0.00001362,0.00001362,0.00,1747095479999,0.00000000,0,0.00,0.00000000,0
2025-05-13 00:18:00,0.00001362,0.00001362,0.00001362,0.00001362,0.00,1747095539999,0.00000000,0,0.00,0.00000000,0
2025-05-13 00:19:00,0.00001362,0.00001362,0.00001362,0.00001362,0.00,1747095599999,0.00000000,0,0.00,0.00000000,0
2025-05-13 00:20:00,0.00001362,0.00001362,0.00001362,0.00001362,0.00,1747095659999,0.00000000,0,0.00,0.00000000,0
2025-05-13 00:21:00,0.00001362,0.00001362,0.00001362,0.00001362,0.00,1747095719999,0.00000000,0,0.00,0.00000000,0
2025-05-13 00:22:00,0.00001362,0.00001362,0.00001362,0.00001362,0.00,1747095779999,0.00000000,0,0.00,0.00000000,0
2025-05-13 00:23:00,0.00001362,0.00001362,0.00001362,0.00001362,0.00,1747095839999,0.00000000,0,0.00,0.00000000,0
2025-05-13 00:24:00,0.00001362,0.00001362,0.00001362,0.00001362,0.00,1747095899999,0.00000000,0,0.00,0.00000000,0
2025-05-13 00:25:00,0.00001362,0.00001362,0.00001362,0.00001362,0.00,1747095959999,0.00000000,0,0.00,0.00000000,0
2025-05-13 00:26:00,0.00001362,0.00001362,0.00001362,0.00001362,0.00,1747096019999,0.00000000,0,0.00,0.00000000,0
2025-05-13 00:27:00,0.00001362,0.00001362,0.00001362,0.00001362,0.00,1747096079999,0.00000000,0,0.00,0.00000000,0
2025-05-13 00:28:00,0.00001362,0.00001362,0.00001362,0.00001362,0.00,1747096139999,0.00000000,0,0.00,0.00000000,0
2025-05-13 00:29:00,0.00001362,0.00001362,0.00001362,0.00001362,0.00,1747096199999,0.00000000,0,0.00,0.00000000,0
2025-05-13 00:30:00,0.00001362,0.00001362,0.00001362,0.00001362,0.00,1747096259999,0.00000000,0,0.00,0.00000000,0
2025-05-13 00:31:00,0.00001362,0.00001362,0.00001362,0.00001362,0.00,1747096319999,0.00000000,0,0.00,0.00000000,0
2025-05-13 00:32:00,0.00001362,0.00001362,0.00001362,0.00001362,0.00,1747096379999,0.00000000,0,0.00,0.00000000,0
2025-05-13 00:33:00,0.00001362,0.00001362,0.00001362,0.00001362,0.00,1747096439999,0.00000000,0,0.00,0.00000000,0
2025-05-13 00:34:00,0.00001362,0.00001362,0.00001362,0.00001362,0.00,1747096499999,0.00000000,0,0.00,0.00000000,0
2025-05-13 00:35:00,0.00001362,0.00001362,0.00001362,0.00001362,0.00,1747096559999,0.00000000,0,0.00,0.00000000,0
2025-05-13 00:36:00,0.00001362,0.00001362,0.00001362,0.00001362,0.00,1747096619999,0.00000000,0,0.00,0.00000000,0
2025-05-13 00:37:00,0.00001362,0.00001362,0.00001362,0.00001362,0.00,1747096679999,0.00000000,0,0.00,0.00000000,0
2025-05-13 00:38:00,0.00001362,0.00001362,0.00001362,0.00001362,0.00,1747096739999,0.00000000,0,0.00,0.00000000,0
2025-05-13 00:39:00,0.00001362,0.00001362,0.00001362,0.00001362,0.00,1747096799999,0.00000000,0,0.00,0.00000000,0
2025-05-13 00:40:00,0.00001362,0.00001362,0.00001362,0.00001362,0.00,1747096859999,0.00000000,0,0.00,0.00000000,0
2025-05-13 00:41:00,0.00001362,0.00001362,0.00001362,0.00001362,0.00,1747096919999,0.00000000,0,0.00,0.00000000,0
2025-05-13 00:42:00,0.00001362,0.00001362,0.00001362,0.00001362,0.00,1747096979999,0.00000000,0,0.00,0.00000000,0
2025-05-13 00:43:00,0.00001362,0.00001362,0.00001362,0.00001362,0.00,1747097039999,0.00000000,0,0.00,0.00000000,0
2025-05-13 00:44:00,0.00001362,0.00001362,0.00001362,0.00001362,0.00,1747097099999,0.00000000,0,0.00,0.00000000,0
2025-05-13 00:45:00,0.00001362,0.00001362,0.00001362,0.00001362,0.00,1747097159999,0.00000000,0,0.00,0.00000000,0
2025-05-13 00:46:00,0.00001362,0.00001362,0.00001362,0.00001362,0.00,1747097219999,0.00000000,0,0.00,0.00000000,0
2025-05-13 00:47:00,0.00001362,0.00001362,0.00001362,0.00001362,0.00,1747097279999,0.00000000,0,0.00,0.00000000,0
2025-05-13 00:48:00,0.00001362,0.00001362,0.00001362,0.00001362,0.00,1747097339999,0.00000000,0,0.00,0.00000000,0
2025-05-13 00:49:00,0.00001362,0.00001362,0.00001362,0.00001362,0.00,1747097399999,0.00000000,0,0.00,0.00000000,0
2025-05-13 00:50:00,0.00001362,0.00001362,0.00001362,0.00001362,0.00,1747097459999,0.00000000,0,0.00,0.00000000,0
2025-05-13 00:51:00,0.00001362,0.00001362,0.00001362,0.00001362,0.00,1747097519999,0.00000000,0,0.00,0.00000000,0
2025-05-13 00:52:00,0.00001327,0.00001327,0.00001327,0.00001327,226244.00,1747097579999,3.00225788,1,0.00,0.00000000,0
2025-05-13 00:53:00,0.00001327,0.00001327,0.00001327,0.00001327,0.00,1747097639999,0.00000000,0,0.00,0.00000000,0
2025-05-13 00:54:00,0.00001327,0.00001327,0.00001327,0.00001327,0.00,1747097699999,0.00000000,0,0.00,0.00000000,0
2025-05-13 00:55:00,0.00001327,0.00001327,0.00001327,0.00001327,0.00,1747097759999,0.00000000,0,0.00,0.00000000,0
2025-05-13 00:56:00,0.00001327,0.00001327,0.00001327,0.00001327,0.00,1747097819999,0.00000000,0,0.00,0.00000000,0
2025-05-13 00:57:00,0.00001327,0.00001327,0.00001327,0.00001327,0.00,1747097879999,0.00000000,0,0.00,0.00000000,0
2025-05-13 00:58:00,0.00001327,0.00001327,0.00001327,0.00001327,0.00,1747097939999,0.00000000,0,0.00,0.00000000,0
2025-05-13 00:59:00,0.00001327,0.00001327,0.00001327,0.00001327,0.00,1747097999999,0.00000000,0,0.00,0.00000000,0
2025-05-13 01:00:00,0.00001327,0.00001327,0.00001327,0.00001327,0.00,1747098059999,0.00000000,0,0.00,0.00000000,0
2025-05-13 01:01:00,0.00001327,0.00001327,0.00001327,0.00001327,0.00,1747098119999,0.00000000,0,0.00,0.00000000,0
2025-05-13 01:02:00,0.00001327,0.00001327,0.00001327,0.00001327,0.00,1747098179999,0.00000000,0,0.00,0.00000000,0
2025-05-13 01:03:00,0.00001327,0.00001327,0.00001327,0.00001327,0.00,1747098239999,0.00000000,0,0.00,0.00000000,0
2025-05-13 01:04:00,0.00001327,0.00001327,0.00001327,0.00001327,0.00,1747098299999,0.00000000,0,0.00,0.00000000,0
2025-05-13 01:05:00,0.00001327,0.00001327,0.00001327,0.00001327,0.00,1747098359999,0.00000000,0,0.00,0.00000000,0
2025-05-13 01:06:00,0.00001327,0.00001327,0.00001327,0.00001327,0.00,1747098419999,0.00000000,0,0.00,0.00000000,0
2025-05-13 01:07:00,0.00001327,0.00001327,0.00001327,0.00001327,45932.00,1747098479999,0.60951764,1,0.00,0.00000000,0
2025-05-13 01:08:00,0.00001327,0.00001327,0.00001327,0.00001327,0.00,1747098539999,0.00000000,0,0.00,0.00000000,0
2025-05-13 01:09:00,0.00001327,0.00001327,0.00001327,0.00001327,0.00,1747098599999,0.00000000,0,0.00,0.00000000,0
2025-05-13 01:10:00,0.00001327,0.00001327,0.00001327,0.00001327,0.00,1747098659999,0.00000000,0,0.00,0.00000000,0
2025-05-13 01:11:00,0.00001327,0.00001327,0.00001327,0.00001327,0.00,1747098719999,0.00000000,0,0.00,0.00000000,0
2025-05-13 01:12:00,0.00001327,0.00001327,0.00001327,0.00001327,0.00,1747098779999,0.00000000,0,0.00,0.00000000,0
2025-05-13 01:13:00,0.00001327,0.00001327,0.00001327,0.00001327,0.00,1747098839999,0.00000000,0,0.00,0.00000000,0
2025-05-13 01:14:00,0.00001327,0.00001327,0.00001327,0.00001327,0.00,1747098899999,0.00000000,0,0.00,0.00000000,0
2025-05-13 01:15:00,0.00001327,0.00001327,0.00001327,0.00001327,0.00,1747098959999,0.00000000,0,0.00,0.00000000,0
2025-05-13 01:16:00,0.00001327,0.00001327,0.00001327,0.00001327,0.00,1747099019999,0.00000000,0,0.00,0.00000000,0
2025-05-13 01:17:00,0.00001327,0.00001327,0.00001327,0.00001327,0.00,1747099079999,0.00000000,0,0.00,0.00000000,0
2025-05-13 01:18:00,0.00001327,0.00001327,0.00001327,0.00001327,0.00,1747099139999,0.00000000,0,0.00,0.00000000,0
2025-05-13 01:19:00,0.00001327,0.00001327,0.00001327,0.00001327,0.00,1747099199999,0.00000000,0,0.00,0.00000000,0
2025-05-13 01:20:00,0.00001327,0.00001327,0.00001327,0.00001327,0.00,1747099259999,0.00000000,0,0.00,0.00000000,0
2025-05-13 01:21:00,0.00001327,0.00001327,0.00001327,0.00001327,0.00,1747099319999,0.00000000,0,0.00,0.00000000,0
2025-05-13 01:22:00,0.00001327,0.00001327,0.00001327,0.00001327,0.00,1747099379999,0.00000000,0,0.00,0.00000000,0
2025-05-13 01:23:00,0.00001327,0.00001327,0.00001327,0.00001327,0.00,1747099439999,0.00000000,0,0.00,0.00000000,0
2025-05-13 01:24:00,0.00001327,0.00001327,0.00001327,0.00001327,0.00,1747099499999,0.00000000,0,0.00,0.00000000,0
2025-05-13 01:25:00,0.00001327,0.00001327,0.00001327,0.00001327,0.00,1747099559999,0.00000000,0,0.00,0.00000000,0
2025-05-13 01:26:00,0.00001327,0.00001327,0.00001327,0.00001327,0.00,1747099619999,0.00000000,0,0.00,0.00000000,0
2025-05-13 01:27:00,0.00001327,0.00001327,0.00001327,0.00001327,0.00,1747099679999,0.00000000,0,0.00,0.00000000,0
2025-05-13 01:28:00,0.00001327,0.00001327,0.00001327,0.00001327,0.00,1747099739999,0.00000000,0,0.00,0.00000000,0
2025-05-13 01:29:00,0.00001327,0.00001327,0.00001327,0.00001327,0.00,1747099799999,0.00000000,0,0.00,0.00000000,0
2025-05-13 01:30:00,0.00001327,0.00001327,0.00001327,0.00001327,0.00,1747099859999,0.00000000,0,0.00,0.00000000,0
2025-05-13 01:31:00,0.00001327,0.00001327,0.00001327,0.00001327,0.00,1747099919999,0.00000000,0,0.00,0.00000000,0
2025-05-13 01:32:00,0.00001327,0.00001327,0.00001327,0.00001327,0.00,1747099979999,0.00000000,0,0.00,0.00000000,0
2025-05-13 01:33:00,0.00001327,0.00001327,0.00001327,0.00001327,0.00,1747100039999,0.00000000,0,0.00,0.00000000,0
2025-05-13 01:34:00,0.00001327,0.00001327,0.00001327,0.00001327,0.00,1747100099999,0.00000000,0,0.00,0.00000000,0
2025-05-13 01:35:00,0.00001327,0.00001327,0.00001327,0.00001327,0.00,1747100159999,0.00000000,0,0.00,0.00000000,0
2025-05-13 01:36:00,0.00001327,0.00001327,0.00001327,0.00001327,0.00,1747100219999,0.00000000,0,0.00,0.00000000,0
2025-05-13 01:37:00,0.00001327,0.00001327,0.00001327,0.00001327,0.00,1747100279999,0.00000000,0,0.00,0.00000000,0
2025-05-13 01:38:00,0.00001327,0.00001327,0.00001327,0.00001327,0.00,1747100339999,0.00000000,0,0.00,0.00000000,0
2025-05-13 01:39:00,0.00001315,0.00001315,0.00001315,0.00001315,40995058.00,1747100399999,539.08501270,12,24795210.00,326.05701150,0
2025-05-13 01:40:00,0.00001315,0.00001315,0.00001315,0.00001315,0.00,1747100459999,0.00000000,0,0.00,0.00000000,0
2025-05-13 01:41:00,0.00001315,0.00001315,0.00001315,0.00001315,0.00,1747100519999,0.00000000,0,0.00,0.00000000,0
2025-05-13 01:42:00,0.00001315,0.00001315,0.00001315,0.00001315,0.00,1747100579999,0.00000000,0,0.00,0.00000000,0
2025-05-13 01:43:00,0.00001315,0.00001315,0.00001315,0.00001315,0.00,1747100639999,0.00000000,0,0.00,0.00000000,0
2025-05-13 01:44:00,0.00001315,0.00001315,0.00001315,0.00001315,0.00,1747100699999,0.00000000,0,0.00,0.00000000,0
2025-05-13 01:45:00,0.00001315,0.00001315,0.00001315,0.00001315,0.00,1747100759999,0.00000000,0,0.00,0.00000000,0
2025-05-13 01:46:00,0.00001315,0.00001315,0.00001315,0.00001315,0.00,1747100819999,0.00000000,0,0.00,0.00000000,0
2025-05-13 01:47:00,0.00001315,0.00001315,0.00001315,0.00001315,0.00,1747100879999,0.00000000,0,0.00,0.00000000,0
2025-05-13 01:48:00,0.00001315,0.00001315,0.00001315,0.00001315,0.00,1747100939999,0.00000000,0,0.00,0.00000000,0
2025-05-13 01:49:00,0.00001315,0.00001315,0.00001315,0.00001315,0.00,1747100999999,0.00000000,0,0.00,0.00000000,0
2025-05-13 01:50:00,0.00001315,0.00001315,0.00001315,0.00001315,0.00,1747101059999,0.00000000,0,0.00,0.00000000,0
2025-05-13 01:51:00,0.00001315,0.00001315,0.00001315,0.00001315,0.00,1747101119999,0.00000000,0,0.00,0.00000000,0
2025-05-13 01:52:00,0.00001315,0.00001315,0.00001315,0.00001315,0.00,1747101179999,0.00000000,0,0.00,0.00000000,0
2025-05-13 01:53:00,0.00001315,0.00001315,0.00001315,0.00001315,0.00,1747101239999,0.00000000,0,0.00,0.00000000,0
2025-05-13 01:54:00,0.00001315,0.00001315,0.00001315,0.00001315,0.00,1747101299999,0.00000000,0,0.00,0.00000000,0
2025-05-13 01:55:00,0.00001323,0.00001323,0.00001323,0.00001323,318963.00,1747101359999,4.21988049,1,0.00,0.00000000,0
2025-05-13 01:56:00,0.00001323,0.00001323,0.00001323,0.00001323,0.00,1747101419999,0.00000000,0,0.00,0.00000000,0
2025-05-13 01:57:00,0.00001323,0.00001323,0.00001323,0.00001323,0.00,1747101479999,0.00000000,0,0.00,0.00000000,0
2025-05-13 01:58:00,0.00001323,0.00001323,0.00001323,0.00001323,0.00,1747101539999,0.00000000,0,0.00,0.00000000,0
2025-05-13 01:59:00,0.00001323,0.00001323,0.00001323,0.00001323,0.00,1747101599999,0.00000000,0,0.00,0.00000000,0
2025-05-13 02:00:00,0.00001323,0.00001323,0.00001323,0.00001323,0.00,1747101659999,0.00000000,0,0.00,0.00000000,0
2025-05-13 02:01:00,0.00001323,0.00001323,0.00001323,0.00001323,0.00,1747101719999,0.00000000,0,0.00,0.00000000,0
2025-05-13 02:02:00,0.00001323,0.00001323,0.00001323,0.00001323,0.00,1747101779999,0.00000000,0,0.00,0.00000000,0
2025-05-13 02:03:00,0.00001323,0.00001323,0.00001323,0.00001323,0.00,1747101839999,0.00000000,0,0.00,0.00000000,0
2025-05-13 02:04:00,0.00001323,0.00001323,0.00001323,0.00001323,0.00,1747101899999,0.00000000,0,0.00,0.00000000,0
2025-05-13 02:05:00,0.00001323,0.00001323,0.00001323,0.00001323,0.00,1747101959999,0.00000000,0,0.00,0.00000000,0
2025-05-13 02:06:00,0.00001323,0.00001323,0.00001323,0.00001323,0.00,1747102019999,0.00000000,0,0.00,0.00000000,0
2025-05-13 02:07:00,0.00001323,0.00001323,0.00001323,0.00001323,0.00,1747102079999,0.00000000,0,0.00,0.00000000,0
2025-05-13 02:08:00,0.00001323,0.00001323,0.00001323,0.00001323,0.00,1747102139999,0.00000000,0,0.00,0.00000000,0
2025-05-13 02:09:00,0.00001323,0.00001323,0.00001323,0.00001323,0.00,1747102199999,0.00000000,0,0.00,0.00000000,0
2025-05-13 02:10:00,0.00001323,0.00001323,0.00001323,0.00001323,0.00,1747102259999,0.00000000,0,0.00,0.00000000,0
2025-05-13 02:11:00,0.00001323,0.00001323,0.00001323,0.00001323,0.00,1747102319999,0.00000000,0,0.00,0.00000000,0
2025-05-13 02:12:00,0.00001323,0.00001323,0.00001323,0.00001323,0.00,1747102379999,0.00000000,0,0.00,0.00000000,0
2025-05-13 02:13:00,0.00001323,0.00001323,0.00001323,0.00001323,0.00,1747102439999,0.00000000,0,0.00,0.00000000,0
2025-05-13 02:14:00,0.00001323,0.00001323,0.00001323,0.00001323,0.00,1747102499999,0.00000000,0,0.00,0.00000000,0
2025-05-13 02:15:00,0.00001323,0.00001323,0.00001323,0.00001323,0.00,1747102559999,0.00000000,0,0.00,0.00000000,0
2025-05-13 02:16:00,0.00001323,0.00001323,0.00001323,0.00001323,0.00,1747102619999,0.00000000,0,0.00,0.00000000,0
2025-05-13 02:17:00,0.00001323,0.00001323,0.00001323,0.00001323,0.00,1747102679999,0.00000000,0,0.00,0.00000000,0
2025-05-13 02:18:00,0.00001301,0.00001301,0.00001301,0.00001301,230769.00,1747102739999,3.00230469,1,0.00,0.00000000,0
2025-05-13 02:19:00,0.00001301,0.00001301,0.00001301,0.00001301,46847.00,1747102799999,0.60947947,1,0.00,0.00000000,0
2025-05-13 02:20:00,0.00001301,0.00001301,0.00001301,0.00001301,0.00,1747102859999,0.00000000,0,0.00,0.00000000,0
2025-05-13 02:21:00,0.00001301,0.00001301,0.00001301,0.00001301,0.00,1747102919999,0.00000000,0,0.00,0.00000000,0
2025-05-13 02:22:00,0.00001301,0.00001301,0.00001301,0.00001301,0.00,1747102979999,0.00000000,0,0.00,0.00000000,0
2025-05-13 02:23:00,0.00001301,0.00001301,0.00001301,0.00001301,0.00,1747103039999,0.00000000,0,0.00,0.00000000,0
2025-05-13 02:24:00,0.00001301,0.00001301,0.00001301,0.00001301,0.00,1747103099999,0.00000000,0,0.00,0.00000000,0
2025-05-13 02:25:00,0.00001301,0.00001301,0.00001301,0.00001301,0.00,1747103159999,0.00000000,0,0.00,0.00000000,0
2025-05-13 02:26:00,0.00001301,0.00001301,0.00001301,0.00001301,0.00,1747103219999,0.00000000,0,0.00,0.00000000,0
2025-05-13 02:27:00,0.00001301,0.00001301,0.00001301,0.00001301,0.00,1747103279999,0.00000000,0,0.00,0.00000000,0
2025-05-13 02:28:00,0.00001301,0.00001301,0.00001301,0.00001301,0.00,1747103339999,0.00000000,0,0.00,0.00000000,0
2025-05-13 02:29:00,0.00001301,0.00001301,0.00001301,0.00001301,0.00,1747103399999,0.00000000,0,0.00,0.00000000,0
2025-05-13 02:30:00,0.00001301,0.00001301,0.00001301,0.00001301,0.00,1747103459999,0.00000000,0,0.00,0.00000000,0
2025-05-13 02:31:00,0.00001301,0.00001301,0.00001301,0.00001301,0.00,1747103519999,0.00000000,0,0.00,0.00000000,0
2025-05-13 02:32:00,0.00001301,0.00001301,0.00001301,0.00001301,0.00,1747103579999,0.00000000,0,0.00,0.00000000,0
2025-05-13 02:33:00,0.00001301,0.00001301,0.00001301,0.00001301,0.00,1747103639999,0.00000000,0,0.00,0.00000000,0
2025-05-13 02:34:00,0.00001301,0.00001301,0.00001301,0.00001301,0.00,1747103699999,0.00000000,0,0.00,0.00000000,0
2025-05-13 02:35:00,0.00001301,0.00001301,0.00001301,0.00001301,0.00,1747103759999,0.00000000,0,0.00,0.00000000,0
2025-05-13 02:36:00,0.00001301,0.00001301,0.00001301,0.00001301,0.00,1747103819999,0.00000000,0,0.00,0.00000000,0
2025-05-13 02:37:00,0.00001301,0.00001301,0.00001301,0.00001301,0.00,1747103879999,0.00000000,0,0.00,0.00000000,0
2025-05-13 02:38:00,0.00001301,0.00001301,0.00001301,0.00001301,0.00,1747103939999,0.00000000,0,0.00,0.00000000,0
2025-05-13 02:39:00,0.00001301,0.00001301,0.00001301,0.00001301,0.00,1747103999999,0.00000000,0,0.00,0.00000000,0
2025-05-13 02:40:00,0.00001301,0.00001301,0.00001301,0.00001301,0.00,1747104059999,0.00000000,0,0.00,0.00000000,0
2025-05-13 02:41:00,0.00001301,0.00001301,0.00001301,0.00001301,0.00,1747104119999,0.00000000,0,0.00,0.00000000,0
2025-05-13 02:42:00,0.00001301,0.00001301,0.00001301,0.00001301,0.00,1747104179999,0.00000000,0,0.00,0.00000000,0
2025-05-13 02:43:00,0.00001301,0.00001301,0.00001301,0.00001301,0.00,1747104239999,0.00000000,0,0.00,0.00000000,0
2025-05-13 02:44:00,0.00001301,0.00001301,0.00001301,0.00001301,0.00,1747104299999,0.00000000,0,0.00,0.00000000,0
2025-05-13 02:45:00,0.00001301,0.00001301,0.00001301,0.00001301,0.00,1747104359999,0.00000000,0,0.00,0.00000000,0
2025-05-13 02:46:00,0.00001301,0.00001301,0.00001301,0.00001301,0.00,1747104419999,0.00000000,0,0.00,0.00000000,0
2025-05-13 02:47:00,0.00001301,0.00001301,0.00001301,0.00001301,0.00,1747104479999,0.00000000,0,0.00,0.00000000,0
2025-05-13 02:48:00,0.00001301,0.00001301,0.00001301,0.00001301,0.00,1747104539999,0.00000000,0,0.00,0.00000000,0
2025-05-13 02:49:00,0.00001301,0.00001301,0.00001301,0.00001301,0.00,1747104599999,0.00000000,0,0.00,0.00000000,0
2025-05-13 02:50:00,0.00001301,0.00001301,0.00001301,0.00001301,0.00,1747104659999,0.00000000,0,0.00,0.00000000,0
2025-05-13 02:51:00,0.00001301,0.00001301,0.00001301,0.00001301,0.00,1747104719999,0.00000000,0,0.00,0.00000000,0
2025-05-13 02:52:00,0.00001301,0.00001301,0.00001301,0.00001301,0.00,1747104779999,0.00000000,0,0.00,0.00000000,0
2025-05-13 02:53:00,0.00001301,0.00001301,0.00001301,0.00001301,0.00,1747104839999,0.00000000,0,0.00,0.00000000,0
2025-05-13 02:54:00,0.00001301,0.00001301,0.00001301,0.00001301,0.00,1747104899999,0.00000000,0,0.00,0.00000000,0
2025-05-13 02:55:00,0.00001301,0.00001301,0.00001301,0.00001301,0.00,1747104959999,0.00000000,0,0.00,0.00000000,0
2025-05-13 02:56:00,0.00001301,0.00001301,0.00001301,0.00001301,0.00,1747105019999,0.00000000,0,0.00,0.00000000,0
2025-05-13 02:57:00,0.00001301,0.00001301,0.00001301,0.00001301,0.00,1747105079999,0.00000000,0,0.00,0.00000000,0
2025-05-13 02:58:00,0.00001301,0.00001301,0.00001301,0.00001301,0.00,1747105139999,0.00000000,0,0.00,0.00000000,0
2025-05-13 02:59:00,0.00001301,0.00001301,0.00001301,0.00001301,0.00,1747105199999,0.00000000,0,0.00,0.00000000,0
2025-05-13 03:00:00,0.00001301,0.00001301,0.00001301,0.00001301,0.00,1747105259999,0.00000000,0,0.00,0.00000000,0
2025-05-13 03:01:00,0.00001301,0.00001301,0.00001301,0.00001301,0.00,1747105319999,0.00000000,0,0.00,0.00000000,0
2025-05-13 03:02:00,0.00001301,0.00001301,0.00001301,0.00001301,0.00,1747105379999,0.00000000,0,0.00,0.00000000,0
2025-05-13 03:03:00,0.00001301,0.00001301,0.00001301,0.00001301,0.00,1747105439999,0.00000000,0,0.00,0.00000000,0
2025-05-13 03:04:00,0.00001301,0.00001301,0.00001301,0.00001301,0.00,1747105499999,0.00000000,0,0.00,0.00000000,0
2025-05-13 03:05:00,0.00001301,0.00001301,0.00001301,0.00001301,0.00,1747105559999,0.00000000,0,0.00,0.00000000,0
2025-05-13 03:06:00,0.00001301,0.00001301,0.00001301,0.00001301,0.00,1747105619999,0.00000000,0,0.00,0.00000000,0
2025-05-13 03:07:00,0.00001301,0.00001301,0.00001301,0.00001301,0.00,1747105679999,0.00000000,0,0.00,0.00000000,0
2025-05-13 03:08:00,0.00001301,0.00001301,0.00001301,0.00001301,0.00,1747105739999,0.00000000,0,0.00,0.00000000,0
2025-05-13 03:09:00,0.00001310,0.00001315,0.00001310,0.00001315,3519833.00,1747105799999,46.16563677,20,3519833.00,46.16563677,0
2025-05-13 03:10:00,0.00001315,0.00001315,0.00001315,0.00001315,0.00,1747105859999,0.00000000,0,0.00,0.00000000,0
2025-05-13 03:11:00,0.00001315,0.00001315,0.00001315,0.00001315,0.00,1747105919999,0.00000000,0,0.00,0.00000000,0
2025-05-13 03:12:00,0.00001315,0.00001315,0.00001315,0.00001315,0.00,1747105979999,0.00000000,0,0.00,0.00000000,0
2025-05-13 03:13:00,0.00001315,0.00001315,0.00001315,0.00001315,0.00,1747106039999,0.00000000,0,0.00,0.00000000,0
2025-05-13 03:14:00,0.00001315,0.00001315,0.00001315,0.00001315,0.00,1747106099999,0.00000000,0,0.00,0.00000000,0
2025-05-13 03:15:00,0.00001306,0.00001306,0.00001306,0.00001306,153256.00,1747106159999,2.00152336,1,0.00,0.00000000,0
2025-05-13 03:16:00,0.00001306,0.00001306,0.00001306,0.00001306,0.00,1747106219999,0.00000000,0,0.00,0.00000000,0
2025-05-13 03:17:00,0.00001306,0.00001306,0.00001306,0.00001306,70920.00,1747106279999,0.92621520,1,0.00,0.00000000,0
2025-05-13 03:18:00,0.00001306,0.00001306,0.00001306,0.00001306,0.00,1747106339999,0.00000000,0,0.00,0.00000000,0
2025-05-13 03:19:00,0.00001306,0.00001306,0.00001306,0.00001306,0.00,1747106399999,0.00000000,0,0.00,0.00000000,0
2025-05-13 03:20:00,0.00001306,0.00001306,0.00001306,0.00001306,0.00,1747106459999,0.00000000,0,0.00,0.00000000,0
2025-05-13 03:21:00,0.00001306,0.00001306,0.00001306,0.00001306,0.00,1747106519999,0.00000000,0,0.00,0.00000000,0
2025-05-13 03:22:00,0.00001294,0.00001294,0.00001294,0.00001294,154679.00,1747106579999,2.00154626,1,0.00,0.00000000,0
2025-05-13 03:23:00,0.00001294,0.00001294,0.00001294,0.00001294,0.00,1747106639999,0.00000000,0,0.00,0.00000000,0
2025-05-13 03:24:00,0.00001294,0.00001294,0.00001294,0.00001294,0.00,1747106699999,0.00000000,0,0.00,0.00000000,0
2025-05-13 03:25:00,0.00001294,0.00001294,0.00001294,0.00001294,0.00,1747106759999,0.00000000,0,0.00,0.00000000,0
2025-05-13 03:26:00,0.00001294,0.00001294,0.00001294,0.00001294,0.00,1747106819999,0.00000000,0,0.00,0.00000000,0
2025-05-13 03:27:00,0.00001294,0.00001294,0.00001288,0.00001288,304676.00,1747106879999,3.92852144,2,0.00,0.00000000,0
2025-05-13 03:28:00,0.00001288,0.00001288,0.00001283,0.00001283,275513.00,1747106939999,3.53719769,3,0.00,0.00000000,0
2025-05-13 03:29:00,0.00001283,0.00001283,0.00001283,0.00001283,0.00,1747106999999,0.00000000,0,0.00,0.00000000,0
2025-05-13 03:30:00,0.00001283,0.00001283,0.00001283,0.00001283,0.00,1747107059999,0.00000000,0,0.00,0.00000000,0
2025-05-13 03:31:00,0.00001283,0.00001283,0.00001283,0.00001283,0.00,1747107119999,0.00000000,0,0.00,0.00000000,0
2025-05-13 03:32:00,0.00001283,0.00001283,0.00001283,0.00001283,0.00,1747107179999,0.00000000,0,0.00,0.00000000,0
2025-05-13 03:33:00,0.00001283,0.00001283,0.00001283,0.00001283,0.00,1747107239999,0.00000000,0,0.00,0.00000000,0
2025-05-13 03:34:00,0.00001283,0.00001283,0.00001283,0.00001283,0.00,1747107299999,0.00000000,0,0.00,0.00000000,0
2025-05-13 03:35:00,0.00001283,0.00001283,0.00001283,0.00001283,0.00,1747107359999,0.00000000,0,0.00,0.00000000,0
2025-05-13 03:36:00,0.00001283,0.00001283,0.00001283,0.00001283,0.00,1747107419999,0.00000000,0,0.00,0.00000000,0
2025-05-13 03:37:00,0.00001283,0.00001283,0.00001283,0.00001283,0.00,1747107479999,0.00000000,0,0.00,0.00000000,0
2025-05-13 03:38:00,0.00001283,0.00001283,0.00001283,0.00001283,0.00,1747107539999,0.00000000,0,0.00,0.00000000,0
2025-05-13 03:39:00,0.00001283,0.00001283,0.00001283,0.00001283,0.00,1747107599999,0.00000000,0,0.00,0.00000000,0
2025-05-13 03:40:00,0.00001283,0.00001283,0.00001283,0.00001283,0.00,1747107659999,0.00000000,0,0.00,0.00000000,0
2025-05-13 03:41:00,0.00001283,0.00001283,0.00001283,0.00001283,0.00,1747107719999,0.00000000,0,0.00,0.00000000,0
2025-05-13 03:42:00,0.00001283,0.00001283,0.00001283,0.00001283,0.00,1747107779999,0.00000000,0,0.00,0.00000000,0
2025-05-13 03:43:00,0.00001283,0.00001283,0.00001283,0.00001283,0.00,1747107839999,0.00000000,0,0.00,0.00000000,0
2025-05-13 03:44:00,0.00001283,0.00001283,0.00001283,0.00001283,0.00,1747107899999,0.00000000,0,0.00,0.00000000,0
2025-05-13 03:45:00,0.00001283,0.00001283,0.00001283,0.00001283,0.00,1747107959999,0.00000000,0,0.00,0.00000000,0
2025-05-13 03:46:00,0.00001283,0.00001283,0.00001283,0.00001283,0.00,1747108019999,0.00000000,0,0.00,0.00000000,0
2025-05-13 03:47:00,0.00001283,0.00001283,0.00001283,0.00001283,0.00,1747108079999,0.00000000,0,0.00,0.00000000,0
2025-05-13 03:48:00,0.00001283,0.00001283,0.00001283,0.00001283,0.00,1747108139999,0.00000000,0,0.00,0.00000000,0
2025-05-13 03:49:00,0.00001283,0.00001283,0.00001283,0.00001283,0.00,1747108199999,0.00000000,0,0.00,0.00000000,0
2025-05-13 03:50:00,0.00001283,0.00001283,0.00001283,0.00001283,0.00,1747108259999,0.00000000,0,0.00,0.00000000,0
2025-05-13 03:51:00,0.00001283,0.00001283,0.00001283,0.00001283,0.00,1747108319999,0.00000000,0,0.00,0.00000000,0
2025-05-13 03:52:00,0.00001283,0.00001283,0.00001283,0.00001283,0.00,1747108379999,0.00000000,0,0.00,0.00000000,0
2025-05-13 03:53:00,0.00001283,0.00001283,0.00001283,0.00001283,0.00,1747108439999,0.00000000,0,0.00,0.00000000,0
2025-05-13 03:54:00,0.00001283,0.00001283,0.00001283,0.00001283,0.00,1747108499999,0.00000000,0,0.00,0.00000000,0
2025-05-13 03:55:00,0.00001283,0.00001283,0.00001283,0.00001283,0.00,1747108559999,0.00000000,0,0.00,0.00000000,0
2025-05-13 03:56:00,0.00001283,0.00001283,0.00001283,0.00001283,0.00,1747108619999,0.00000000,0,0.00,0.00000000,0
2025-05-13 03:57:00,0.00001283,0.00001283,0.00001283,0.00001283,0.00,1747108679999,0.00000000,0,0.00,0.00000000,0
2025-05-13 03:58:00,0.00001283,0.00001283,0.00001283,0.00001283,0.00,1747108739999,0.00000000,0,0.00,0.00000000,0
2025-05-13 03:59:00,0.00001283,0.00001283,0.00001283,0.00001283,0.00,1747108799999,0.00000000,0,0.00,0.00000000,0
2025-05-13 04:00:00,0.00001283,0.00001283,0.00001283,0.00001283,0.00,1747108859999,0.00000000,0,0.00,0.00000000,0
2025-05-13 04:01:00,0.00001283,0.00001283,0.00001283,0.00001283,0.00,1747108919999,0.00000000,0,0.00,0.00000000,0
2025-05-13 04:02:00,0.00001283,0.00001283,0.00001283,0.00001283,0.00,1747108979999,0.00000000,0,0.00,0.00000000,0
2025-05-13 04:03:00,0.00001283,0.00001283,0.00001283,0.00001283,0.00,1747109039999,0.00000000,0,0.00,0.00000000,0
2025-05-13 04:04:00,0.00001283,0.00001283,0.00001283,0.00001283,0.00,1747109099999,0.00000000,0,0.00,0.00000000,0
2025-05-13 04:05:00,0.00001283,0.00001283,0.00001283,0.00001283,0.00,1747109159999,0.00000000,0,0.00,0.00000000,0
2025-05-13 04:06:00,0.00001283,0.00001283,0.00001283,0.00001283,0.00,1747109219999,0.00000000,0,0.00,0.00000000,0
2025-05-13 04:07:00,0.00001283,0.00001283,0.00001283,0.00001283,0.00,1747109279999,0.00000000,0,0.00,0.00000000,0
2025-05-13 04:08:00,0.00001283,0.00001283,0.00001283,0.00001283,0.00,1747109339999,0.00000000,0,0.00,0.00000000,0
2025-05-13 04:09:00,0.00001283,0.00001283,0.00001283,0.00001283,0.00,1747109399999,0.00000000,0,0.00,0.00000000,0
2025-05-13 04:10:00,0.00001283,0.00001283,0.00001283,0.00001283,0.00,1747109459999,0.00000000,0,0.00,0.00000000,0
2025-05-13 04:11:00,0.00001283,0.00001283,0.00001283,0.00001283,0.00,1747109519999,0.00000000,0,0.00,0.00000000,0
2025-05-13 04:12:00,0.00001283,0.00001283,0.00001283,0.00001283,0.00,1747109579999,0.00000000,0,0.00,0.00000000,0
2025-05-13 04:13:00,0.00001283,0.00001283,0.00001283,0.00001283,0.00,1747109639999,0.00000000,0,0.00,0.00000000,0
2025-05-13 04:14:00,0.00001283,0.00001283,0.00001283,0.00001283,0.00,1747109699999,0.00000000,0,0.00,0.00000000,0
2025-05-13 04:15:00,0.00001283,0.00001283,0.00001283,0.00001283,0.00,1747109759999,0.00000000,0,0.00,0.00000000,0
2025-05-13 04:16:00,0.00001283,0.00001283,0.00001283,0.00001283,0.00,1747109819999,0.00000000,0,0.00,0.00000000,0
2025-05-13 04:17:00,0.00001283,0.00001283,0.00001283,0.00001283,0.00,1747109879999,0.00000000,0,0.00,0.00000000,0
2025-05-13 04:18:00,0.00001283,0.00001283,0.00001283,0.00001283,0.00,1747109939999,0.00000000,0,0.00,0.00000000,0
2025-05-13 04:19:00,0.00001283,0.00001283,0.00001283,0.00001283,0.00,1747109999999,0.00000000,0,0.00,0.00000000,0
2025-05-13 04:20:00,0.00001283,0.00001283,0.00001283,0.00001283,0.00,1747110059999,0.00000000,0,0.00,0.00000000,0
2025-05-13 04:21:00,0.00001283,0.00001283,0.00001283,0.00001283,0.00,1747110119999,0.00000000,0,0.00,0.00000000,0
2025-05-13 04:22:00,0.00001283,0.00001283,0.00001283,0.00001283,0.00,1747110179999,0.00000000,0,0.00,0.00000000,0
2025-05-13 04:23:00,0.00001283,0.00001283,0.00001283,0.00001283,0.00,1747110239999,0.00000000,0,0.00,0.00000000,0
2025-05-13 04:24:00,0.00001283,0.00001283,0.00001283,0.00001283,0.00,1747110299999,0.00000000,0,0.00,0.00000000,0
2025-05-13 04:25:00,0.00001283,0.00001283,0.00001283,0.00001283,0.00,1747110359999,0.00000000,0,0.00,0.00000000,0
2025-05-13 04:26:00,0.00001283,0.00001283,0.00001283,0.00001283,0.00,1747110419999,0.00000000,0,0.00,0.00000000,0
2025-05-13 04:27:00,0.00001283,0.00001283,0.00001283,0.00001283,0.00,1747110479999,0.00000000,0,0.00,0.00000000,0
2025-05-13 04:28:00,0.00001283,0.00001283,0.00001283,0.00001283,0.00,1747110539999,0.00000000,0,0.00,0.00000000,0
2025-05-13 04:29:00,0.00001283,0.00001283,0.00001283,0.00001283,0.00,1747110599999,0.00000000,0,0.00,0.00000000,0
2025-05-13 04:30:00,0.00001283,0.00001283,0.00001283,0.00001283,0.00,1747110659999,0.00000000,0,0.00,0.00000000,0
2025-05-13 04:31:00,0.00001304,0.00001304,0.00001304,0.00001304,200000.00,1747110719999,2.60800000,2,200000.00,2.60800000,0
2025-05-13 04:32:00,0.00001304,0.00001304,0.00001304,0.00001304,0.00,1747110779999,0.00000000,0,0.00,0.00000000,0
2025-05-13 04:33:00,0.00001304,0.00001304,0.00001304,0.00001304,0.00,1747110839999,0.00000000,0,0.00,0.00000000,0
2025-05-13 04:34:00,0.00001304,0.00001304,0.00001304,0.00001304,27907.00,1747110899999,0.36390728,1,27907.00,0.36390728,0
2025-05-13 04:35:00,0.00001304,0.00001304,0.00001304,0.00001304,0.00,1747110959999,0.00000000,0,0.00,0.00000000,0
2025-05-13 04:36:00,0.00001304,0.00001304,0.00001304,0.00001304,0.00,1747111019999,0.00000000,0,0.00,0.00000000,0
2025-05-13 04:37:00,0.00001304,0.00001304,0.00001304,0.00001304,0.00,1747111079999,0.00000000,0,0.00,0.00000000,0
2025-05-13 04:38:00,0.00001304,0.00001304,0.00001304,0.00001304,0.00,1747111139999,0.00000000,0,0.00,0.00000000,0
2025-05-13 04:39:00,0.00001304,0.00001304,0.00001304,0.00001304,0.00,1747111199999,0.00000000,0,0.00,0.00000000,0
2025-05-13 04:40:00,0.00001304,0.00001304,0.00001304,0.00001304,0.00,1747111259999,0.00000000,0,0.00,0.00000000,0
2025-05-13 04:41:00,0.00001304,0.00001304,0.00001304,0.00001304,0.00,1747111319999,0.00000000,0,0.00,0.00000000,0
2025-05-13 04:42:00,0.00001304,0.00001304,0.00001304,0.00001304,0.00,1747111379999,0.00000000,0,0.00,0.00000000,0
2025-05-13 04:43:00,0.00001304,0.00001304,0.00001304,0.00001304,0.00,1747111439999,0.00000000,0,0.00,0.00000000,0
2025-05-13 04:44:00,0.00001304,0.00001304,0.00001304,0.00001304,0.00,1747111499999,0.00000000,0,0.00,0.00000000,0
2025-05-13 04:45:00,0.00001310,0.00001310,0.00001310,0.00001310,200000.00,1747111559999,2.62000000,2,200000.00,2.62000000,0
2025-05-13 04:46:00,0.00001310,0.00001310,0.00001310,0.00001310,0.00,1747111619999,0.00000000,0,0.00,0.00000000,0
2025-05-13 04:47:00,0.00001310,0.00001310,0.00001310,0.00001310,0.00,1747111679999,0.00000000,0,0.00,0.00000000,0
2025-05-13 04:48:00,0.00001310,0.00001310,0.00001310,0.00001310,0.00,1747111739999,0.00000000,0,0.00,0.00000000,0
2025-05-13 04:49:00,0.00001310,0.00001310,0.00001310,0.00001310,0.00,1747111799999,0.00000000,0,0.00,0.00000000,0
2025-05-13 04:50:00,0.00001310,0.00001310,0.00001310,0.00001310,0.00,1747111859999,0.00000000,0,0.00,0.00000000,0
2025-05-13 04:51:00,0.00001310,0.00001310,0.00001310,0.00001310,0.00,1747111919999,0.00000000,0,0.00,0.00000000,0
2025-05-13 04:52:00,0.00001310,0.00001310,0.00001310,0.00001310,0.00,1747111979999,0.00000000,0,0.00,0.00000000,0
2025-05-13 04:53:00,0.00001310,0.00001310,0.00001310,0.00001310,0.00,1747112039999,0.00000000,0,0.00,0.00000000,0
2025-05-13 04:54:00,0.00001310,0.00001310,0.00001310,0.00001310,0.00,1747112099999,0.00000000,0,0.00,0.00000000,0
2025-05-13 04:55:00,0.00001310,0.00001310,0.00001310,0.00001310,0.00,1747112159999,0.00000000,0,0.00,0.00000000,0
2025-05-13 04:56:00,0.00001310,0.00001310,0.00001310,0.00001310,0.00,1747112219999,0.00000000,0,0.00,0.00000000,0
2025-05-13 04:57:00,0.00001310,0.00001310,0.00001310,0.00001310,0.00,1747112279999,0.00000000,0,0.00,0.00000000,0
2025-05-13 04:58:00,0.00001310,0.00001310,0.00001310,0.00001310,0.00,1747112339999,0.00000000,0,0.00,0.00000000,0
2025-05-13 04:59:00,0.00001310,0.00001310,0.00001310,0.00001310,0.00,1747112399999,0.00000000,0,0.00,0.00000000,0
2025-05-13 05:00:00,0.00001310,0.00001310,0.00001310,0.00001310,0.00,1747112459999,0.00000000,0,0.00,0.00000000,0
